state,fec_candidate_id,selected_candidate_name,committee_id,total_receipts,total_disbursements,cash_on_hand_end_period,cash_on_hand,debts_owed_by_committee,coverage_end_date,party,party_normalized,selected_candidate,selection_method,selection_rank_within_state_party,manual_override_reason
AK,S6AK00276,"PELTOLA, MARY",C00933978,8661662.38,2934553.61,5727108.77,5727108.77,0.0,2026-03-31T00:00:00,DEM,DEM,True,highest_total_receipts,1.0,
AK,S4AK00099,"MURKOWSKI, LISA",C00384529,1073320.2,311423.23,1379057.22,1379057.22,0.0,2026-03-31T00:00:00,REP,REP,False,,2.0,
AK,S4AK00214,"SULLIVAN, DAN",C00570994,6500847.42,1505699.66,7086052.55,7086052.55,0.0,2026-03-31T00:00:00,REP,REP,True,highest_total_receipts,1.0,
AK,S2AK00127,"TSHIBAKA, KELLY",C00774570,0.0,3589.19,0.0,0.0,0.0,2025-11-04T00:00:00,REP,REP,False,,3.0,
AL,S6AL00302,"CRUMPTON, RONALD (RON) STEVEN",C00575530,0.0,0.0,5.14,5.14,0.0,2026-03-31T00:00:00,DEM,DEM,False,,5.0,
AL,S6AL00427,"LARRIETT, DAKARAI",C00901017,129877.4,111027.5,18849.9,18849.9,89370.0,2026-03-31T00:00:00,DEM,DEM,False,,2.0,
AL,S6AL00435,"SWEETSER, KYLE",C00901777,154502.42,139185.61,15316.81,15316.81,16421.89,2026-03-31T00:00:00,DEM,DEM,True,highest_total_receipts,1.0,
AL,S6AL00518,"WESS, EVERETT W",C00935783,26293.6,12612.71,13680.89,13680.89,23751.23,2026-03-31T00:00:00,DEM,DEM,False,,3.0,
AL,S6AL00393,"WHEELER, MARK SHANNON MR II",C00895904,17148.48,16759.0,389.48,389.48,833.28,2026-03-31T00:00:00,DEM,DEM,False,,4.0,
AL,S2AL00145,"BRITT, KATIE BOYD",C00781443,2354118.85,1240070.25,5223597.3,5223597.3,30327.0,2026-03-31T00:00:00,REP,REP,True,highest_total_receipts,1.0,
AL,S6AL00500,"BURTON, MATTHEW SETH",C00935403,58254.23,31654.28,26599.95,26599.95,0.0,2026-03-31T00:00:00,REP,REP,False,,7.0,
AL,S0AL00206,"BYRNE, BRADLEY ROBERTS",C00697417,0.0,0.0,3933.13,3933.13,0.0,2026-03-31T00:00:00,REP,REP,False,,8.0,
AL,S6AL00443,"HUDSON, JARED",C00906453,1403340.26,782943.87,620396.39,620396.39,56450.16,2026-03-31T00:00:00,REP,REP,False,,4.0,
AL,S6AL00450,"MARSHALL, STEVEN T",C00906545,1362193.3,844542.36,517650.94,517650.94,0.0,2026-03-31T00:00:00,REP,REP,False,,5.0,
AL,S0AL00289,"MERRILL, JOHN H",C00709477,0.0,8895.0,213440.78,213440.78,0.0,2026-03-31T00:00:00,REP,REP,False,,9.0,
AL,S6AL00476,"MOORE, FELIX BARRY",C00720375,2173919.1,1454212.77,844837.99,844837.99,0.0,2026-03-31T00:00:00,REP,REP,False,,2.0,
AL,S8AL00308,"STRANGE, LUTHER J III",C00629451,0.0,3750.0,36043.2,36043.2,178713.5,2025-12-31T00:00:00,REP,REP,False,,10.0,
AL,S2AL00152,"TAYLOR, JESSICA",C00784066,0.0,0.0,3509.13,3509.13,175990.61,2026-03-31T00:00:00,REP,REP,False,,11.0,
AL,S0AL00230,"TUBERVILLE, THOMAS H",C00701672,724606.1,1165943.0,90993.57,90993.57,10158.63,2026-03-31T00:00:00,REP,REP,False,,6.0,
AL,S6AL00468,"WALKER, RODNEY",C00914218,1997255.19,803477.6,1193777.59,1193777.59,1864000.0,2026-03-31T00:00:00,REP,REP,False,,3.0,
AR,S6AR00173,"DUNBAR, ETHAN N SR.",C00916502,17461.7,22253.18,1110.62,1110.62,0.0,2026-03-27T00:00:00,DEM,DEM,False,,2.0,
AR,S2AR00115,"JAMES, NATALIE",C00778993,0.0,0.0,215.31,215.31,5910.62,2026-03-31T00:00:00,DEM,DEM,False,,5.0,
AR,S6AR00181,"RUSSELL, JAMES RICHARD MR III",C00918136,3086.9,3186.9,0.0,0.0,798.0,2025-11-15T00:00:00,DEM,DEM,False,,3.0,
AR,S6AR00199,"SHOFFNER, HALLIE",C00905471,1589764.37,1011034.49,578729.88,578729.88,0.0,2026-03-31T00:00:00,DEM,DEM,True,highest_total_receipts,1.0,
AR,S0AR00218,"WHITFIELD, DANIEL ALLEN",C00726422,353.29,36.27,2194.25,2194.25,5039.84,2026-03-31T00:00:00,DEM,DEM,False,,4.0,
AR,S6AR00207,"ASHBY, MICAH",C00919803,41161.53,126.26,754.4,754.4,734.4,2026-02-11T00:00:00,REP,REP,False,,4.0,
AR,S2AR00107,"BEQUETTE, JAKE MR.",C00784272,0.0,0.0,183.47,183.47,14953.71,2026-03-31T00:00:00,REP,REP,False,,5.0,
AR,S0AR00150,"BOOZMAN, SEN. JOHN",C00476317,359638.54,199913.46,1270501.58,1270501.58,0.0,2026-03-31T00:00:00,REP,REP,False,,2.0,
AR,S4AR00103,"COTTON, THOMAS",C00499988,5406039.51,3069823.75,9787085.59,9787085.59,73959.0,2026-03-31T00:00:00,REP,REP,True,highest_total_receipts,1.0,
AR,S6AR00215,"LITTLE, JEB",C00926568,92531.55,92404.15,127.4,127.4,0.0,2026-03-31T00:00:00,REP,REP,False,,3.0,
AZ,S4AZ00139,"GALLEGO, RUBEN",C00558627,3825377.22,2108123.24,1928406.68,1928406.68,0.0,2026-03-31T00:00:00,DEM,DEM,False,,2.0,
AZ,S0AZ00350,"KELLY, MARK",C00696526,35276811.97,17370707.12,22308538.42,22308538.42,0.0,2026-03-31T00:00:00,DEM,DEM,True,highest_total_receipts,1.0,
AZ,S8AZ00197,"SINEMA, KYRSTEN",C00508804,162529.87,4439410.31,0.0,0.0,0.0,2026-03-31T00:00:00,IND,OTHER,False,,1.0,
AZ,S4AZ00261,"WILLIAMS, SARAH",C00871293,0.0,453.63,0.0,0.0,0.0,2025-03-17T00:00:00,LIB,OTHER,False,,2.0,
AZ,S2AZ00356,"BRNOVICH, MARK MR.",C00781898,25.0,0.99,5180.66,5180.66,463173.45,2026-03-31T00:00:00,REP,REP,False,,4.0,
AZ,S2AZ00141,"FLAKE, JEFF",C00347260,0.0,8300.0,813052.48,813052.48,0.0,2026-03-31T00:00:00,REP,REP,False,,5.0,
AZ,S0AZ00251,"HAYWORTH, JD",C00474825,0.0,0.0,0.0,0.0,27761.1,2026-03-31T00:00:00,REP,REP,False,,6.0,
AZ,S4AZ00220,"LAKE, KARI",C00852343,365326.02,112031.56,471507.94,471507.94,1007764.01,2026-03-31T00:00:00,REP,REP,True,highest_total_receipts,1.0,
AZ,S4AZ00188,"LAMB, MARK",C00837476,0.0,3482.65,13141.29,13141.29,47400.96,2026-03-31T00:00:00,REP,REP,False,,7.0,
AZ,S2AZ00331,"LAMON, JIM MR",C00778407,0.0,0.0,4448.39,4448.39,18437111.07,2026-03-31T00:00:00,REP,REP,False,,8.0,
AZ,S2AZ00372,"MASTERS, BLAKE",C00784165,0.0,0.0,0.0,0.0,0.0,2025-02-21T00:00:00,REP,REP,False,,9.0,
AZ,S0AZ00376,"MCCARTHY, DANIEL",C00717991,700.0,1188.67,0.0,0.0,0.0,2025-06-30T00:00:00,REP,REP,False,,3.0,
AZ,S2AZ00349,"MCGUIRE, MICHAEL MICK",C00780791,0.0,0.0,2615.92,2615.92,450705.0,2026-03-31T00:00:00,REP,REP,False,,10.0,
AZ,S8AZ00221,"MCSALLY, MARTHA",C00666040,2415.79,2549.87,0.0,0.0,0.0,2025-03-31T00:00:00,REP,REP,False,,2.0,
AZ,S6AZ00217,"MELUSKEY, ALEXANDER",C00574350,0.0,0.0,6159.0,6159.0,791373.02,2026-03-31T00:00:00,REP,REP,False,,11.0,
AZ,S4AZ00212,"WHITE, ALAN MR",C00849505,0.0,0.0,0.0,0.0,0.0,2026-03-31T00:00:00,REP,REP,False,,12.0,
AZ,S8AZ00379,"WILLS, LONNIE MR.",C00904268,0.0,0.0,0.0,0.0,0.0,2026-04-15T00:00:00,REP,REP,False,,13.0,
CA,S4CA00845,"GILANI, SEPI",C00854109,0.0,659.88,1545.4,1545.4,0.0,2026-03-31T00:00:00,DEM,DEM,False,,5.0,
CA,S4CA00688,"INAM, ZAFAR",C00843722,0.0,436.0,0.0,0.0,0.0,2025-11-06T00:00:00,DEM,DEM,False,,6.0,
CA,S4CA00589,"LEE, BARBARA",C00833608,58793.47,101297.95,6287.5,6287.5,88970.64,2026-03-31T00:00:00,DEM,DEM,False,,4.0,
CA,S2CA00955,"PADILLA, ALEX",C00765164,1295140.53,735698.21,7202297.34,7202297.34,0.0,2026-03-31T00:00:00,DEM,DEM,False,,2.0,
CA,S4CA00522,"PORTER, KATHERINE",C00831107,210787.93,1624451.71,0.0,0.0,0.0,2025-08-15T00:00:00,DEM,DEM,False,,3.0,
CA,S4CA00613,"RAB, AEJAZ ( RAJI )",C00835678,0.0,90.0,-464.85,-464.85,10000.0,2026-03-31T00:00:00,DEM,DEM,False,,7.0,
CA,S4CA00704,"ROSE, JOHN",C00844654,0.0,0.0,125.0,125.0,6317.73,2025-02-16T00:00:00,DEM,DEM,False,,8.0,
CA,S4CA00712,"ROSE, JOHN DAVID",C00844654,0.0,0.0,125.0,125.0,6317.73,2025-02-16T00:00:00,DEM,DEM,False,,9.0,
CA,S6CA00691,"SANCHEZ, LORETTA",C00578344,0.0,1267.05,1642.59,1642.59,0.0,2026-03-31T00:00:00,DEM,DEM,False,,10.0,
CA,S4CA00555,"SCHIFF, ADAM",C00343871,7793490.82,4210120.6,9964396.84,9964396.84,0.0,2026-03-31T00:00:00,DEM,DEM,True,highest_total_receipts,1.0,
CA,S2CA01276,"URSICH, TIMOTHY J DR",C00808477,0.0,0.0,14010.95,14010.95,15388.46,2026-03-31T00:00:00,DEM,DEM,False,,11.0,
CA,S4CA00761,"SINGH, MAJOR",C00808436,0.0,150.0,363.7,363.7,21154.32,2026-03-31T00:00:00,NOP,OTHER,False,,1.0,
CA,S8CA00515,"BRADLEY, JAMES",C00674085,1175.01,17727.56,499.69,499.69,245.0,2026-03-31T00:00:00,REP,REP,True,highest_total_receipts,1.0,
CA,S4CA00639,"EARLY, ERIC",C00837526,0.0,450.0,1615.43,1615.43,160635.57,2026-03-31T00:00:00,REP,REP,False,,4.0,
CA,S4CA00803,"GARVEY, STEVE",C00852897,118.08,32626.79,548460.52,548460.52,0.0,2026-03-31T00:00:00,REP,REP,False,,3.0,
CA,S4CA00407,"GARY-PANDOL, DENICE LYN MS.",C00809384,0.0,0.0,456.44,456.44,11624.14,2026-03-31T00:00:00,REP,REP,False,,5.0,
CA,S2CA00872,"LIEW, SARAH SUN DR.",C00721787,0.0,0.0,-57.93,-57.93,292059.24,2025-12-31T00:00:00,REP,REP,False,,6.0,
CA,S4CA00670,"REISS, JONATHAN",C00789776,206.03,131.21,114.03,114.03,14017.12,2026-03-31T00:00:00,REP,REP,False,,2.0,
CA,S2CA01094,"WILLIAMS, CORDIE LEE DR.",C00791509,0.0,0.0,0.0,0.0,44900.0,2026-03-31T00:00:00,REP,REP,False,,7.0,
CO,S6CO00515,"POND, SEAN M.",C00933259,29537.18,12693.74,16843.44,16843.44,0.0,2026-03-31T00:00:00,CON,OTHER,False,,3.0,
CO,S0CO00211,"BENNET, MICHAEL F.",C00458398,207237.02,453442.33,220650.23,220650.23,374819.0,2026-03-31T00:00:00,DEM,DEM,False,,3.0,
CO,S6CO00408,"BRESLIN, KAREN",C00897488,164777.91,155619.71,9158.2,9158.2,0.0,2026-03-31T00:00:00,DEM,DEM,False,,4.0,
CO,S6CO00499,"GONZALES, JULIE",C00929794,443494.98,329433.96,114061.02,114061.02,0.0,2026-03-31T00:00:00,DEM,DEM,False,,2.0,
CO,S6CO00473,"HASLEY, BRASHAD D",C00916403,20335.73,20335.73,0.0,0.0,0.0,2026-02-11T00:00:00,DEM,DEM,False,,5.0,
CO,S0CO00575,"HICKENLOOPER, JOHN W.",C00716720,6818283.07,4217907.35,4036008.7,4036008.7,0.0,2026-03-31T00:00:00,DEM,DEM,True,highest_total_receipts,1.0,
CO,S0CO00468,"JOHNSTON, MICHAEL C",C00695411,0.0,90034.79,952676.08,952676.08,0.0,2026-03-31T00:00:00,DEM,DEM,False,,7.0,
CO,S6CO00457,"SCANLON, MICHAEL",C00913442,0.0,0.0,0.0,0.0,0.0,2025-08-05T00:00:00,DEM,DEM,False,,8.0,
CO,S6CO00465,"ZIMPFER, ANTHONY JACOB",C00914416,4130.68,3034.9,1095.78,1095.78,140.68,2026-03-31T00:00:00,DEM,DEM,False,,6.0,
CO,S6CO00549,"CHEW, ROBERT",C00944298,150000.0,0.0,150000.0,150000.0,150000.0,2026-03-31T00:00:00,FWD,OTHER,False,,1.0,
CO,S0CO00344,"NAPOLITANO, JASON ANDREW",C00490276,0.0,72.82,346.5,346.5,7000.0,2026-03-31T00:00:00,IND,OTHER,False,,5.0,
CO,S6CO00432,"WOOD, MATTHEW",C00908962,4545.0,3385.0,752.5,752.5,0.0,2026-03-31T00:00:00,IND,OTHER,False,,4.0,
CO,S6CO00556,"CHEW, ROBERT",C00944298,150000.0,0.0,150000.0,150000.0,150000.0,2026-03-31T00:00:00,OTH,OTHER,False,,2.0,
CO,S6CO00507,"BAISLEY, MARK",C00932848,31865.5,25745.69,6119.81,6119.81,0.0,2026-03-31T00:00:00,REP,REP,False,,3.0,
CO,S2CO00209,"BREMER, ELI",C00786723,0.0,0.0,0.0,0.0,65937.74,2025-03-31T00:00:00,REP,REP,False,,5.0,
CO,S6CO00481,"JONES, DATHAN CHARLES",C00923219,25.0,0.0,1100.0,1100.0,0.0,2026-03-31T00:00:00,REP,REP,False,,4.0,
CO,S6CO00440,"JOSHI, JANAK",C00910794,485402.64,192985.78,292416.86,292416.86,350100.0,2026-03-31T00:00:00,REP,REP,True,highest_total_receipts,1.0,
CO,S6CO00424,"MARKERT, GEORGE WASHINGTON MR V",C00903443,260985.97,204767.55,56218.42,56218.42,50000.0,2026-03-31T00:00:00,REP,REP,False,,2.0,
CO,S2CO00241,"O'DEA, JOSEPH MATTHEW",C00791186,0.0,1677.0,1953.98,1953.98,3811000.0,2026-03-31T00:00:00,REP,REP,False,,6.0,
CO,S4CO00379,"TRUJILLO, FLOYD",C00554766,0.0,0.0,1024.25,1024.25,102930.68,2026-03-31T00:00:00,REP,REP,False,,7.0,
CT,S0CT00177,"BLUMENTHAL, RICHARD",C00492991,350712.06,277324.84,1311528.75,1311528.75,0.0,2026-03-31T00:00:00,DEM,DEM,False,,2.0,
CT,S2CT00132,"MURPHY, CHRISTOPHER S",C00492645,12504647.66,6792067.91,11239354.61,11239354.61,0.0,2026-03-31T00:00:00,DEM,DEM,True,highest_total_receipts,1.0,
CT,S4CT00195,"PAGLINO, JUSTIN COBB DR",C00880104,300.0,694.63,155.52,155.52,12300.0,2026-03-31T00:00:00,GRE,OTHER,False,,1.0,
CT,S8CT00121,"COREY, MATTHEW MCKINNON",C00878561,0.0,7217.4,0.0,0.0,10000.0,2025-03-31T00:00:00,REP,REP,True,highest_total_receipts,1.0,
CT,S2CT00256,"HYDE, ROBERT FINLEY",C00762559,0.0,0.0,0.0,0.0,0.0,2025-10-20T00:00:00,REP,REP,False,,2.0,
DE,S6DE00156,"BEARDSLEY, CHRISTOPHER MR.",C00927665,22356.0,13165.27,9190.73,9190.73,12850.0,2025-12-31T00:00:00,DEM,DEM,False,,3.0,
DE,S4DE00060,"BLUNT ROCHESTER, LISA",C00843391,849819.29,884380.44,109896.03,109896.03,0.0,2026-03-31T00:00:00,DEM,DEM,False,,2.0,
DE,S8DE00079,"CARPER, THOMAS R.",C00349217,0.0,55789.69,0.0,0.0,0.0,2025-03-31T00:00:00,DEM,DEM,False,,4.0,
DE,S0DE00092,"COONS, CHRISTOPHER A.",C00475392,3044649.37,1100177.83,4129671.39,4129671.39,0.0,2026-03-31T00:00:00,DEM,DEM,True,highest_total_receipts,1.0,
DE,S0DE00175,"SCARANE, JESSICA",C00727263,0.0,0.0,0.0,0.0,0.0,2025-06-30T00:00:00,DEM,DEM,False,,5.0,
DE,S4DE00094,"HANSEN, ERIC",C00853788,0.0,0.0,0.0,0.0,0.0,2025-01-09T00:00:00,REP,REP,False,,4.0,
DE,S6DE00206,"KATZ, MICHAEL S DR.",C00935163,20211.0,116.78,20094.22,20094.22,19250.0,2026-03-31T00:00:00,REP,REP,False,,2.0,
DE,S6DE00131,"O'DONNELL, CHRISTINE",C00449595,0.0,0.0,471.26,471.26,39118.92,2026-03-31T00:00:00,REP,REP,False,,5.0,
DE,S6DE00198,"SHULLI, JOHN",C00933663,100728.71,15021.49,85707.22,85707.22,100000.0,2026-03-31T00:00:00,REP,REP,True,highest_total_receipts,1.0,
DE,S8DE00129,"TRUONO, EUGENE (GENE) J JR",C00661801,1686.71,1686.71,471.14,471.14,205873.48,2026-03-31T00:00:00,REP,REP,False,,3.0,
FL,S6FL00749,"ATKINS, JOEY MENDOZA",C00907998,9123.75,6891.33,2232.42,2232.42,5000.0,2026-03-31T00:00:00,DEM,DEM,False,,8.0,
FL,S4FL00637,"CAMPBELL, STANLEY",C00851725,0.0,118434.38,0.0,0.0,1401000.0,2025-03-31T00:00:00,DEM,DEM,False,,9.0,
FL,S2FL00631,"DEMINGS, VAL",C00590489,0.0,0.0,0.0,0.0,0.0,2025-03-07T00:00:00,DEM,DEM,False,,10.0,
FL,S2FL00581,"GRAYSON, ALAN MARK",C00424713,178051.99,178581.66,126388.14,126388.14,3913494.64,2026-03-31T00:00:00,DEM,DEM,False,,6.0,
FL,S6FL00673,"LYLES, TAMIKA MS",C00900522,23287.14,3139.89,20147.25,20147.25,21000.0,2026-03-31T00:00:00,DEM,DEM,False,,7.0,
FL,S4FL00611,"MUCARSEL-POWELL, DEBBIE",C00848648,676089.7,603472.98,47339.41,47339.41,0.0,2026-03-31T00:00:00,DEM,DEM,False,,4.0,
FL,S6FL00806,"MUJICA, HECTOR DANIEL",C00923342,717348.11,637278.06,80070.05,80070.05,206566.39,2026-03-31T00:00:00,DEM,DEM,False,,3.0,
FL,S6FL00830,"NIXON, ANGELA",C00915041,293583.92,20957.37,177595.28,177595.28,0.0,2026-03-31T00:00:00,DEM,DEM,False,,5.0,
FL,S6FL00855,"VINDMAN, ALEXANDER",C00936559,8188391.6,1748269.11,6440222.49,6440222.49,154658.25,2026-03-31T00:00:00,DEM,DEM,False,,2.0,
FL,S6FL00756,"WEIL, JOSHUA JOSEPH",C00893321,15933478.15,15933478.15,0.0,0.0,0.0,2025-09-30T00:00:00,DEM,DEM,True,highest_total_receipts,1.0,
FL,S2FL00656,"NGUYEN, QUOC TUAN MR.",C00875757,0.0,0.0,-2426.25,-2426.25,9500.0,2025-01-27T00:00:00,NPA,OTHER,False,,1.0,
FL,S6FL00848,"GLEASON, CHRISTOPHER",C00936534,3429.73,129.73,3300.0,3300.0,0.0,2026-03-31T00:00:00,REP,REP,False,,5.0,
FL,S6FL00657,"LANG, JAKE",C00897330,32771.73,27362.66,5409.07,5409.07,26937.73,2026-03-31T00:00:00,REP,REP,False,,4.0,
FL,S6FL00624,"LAROSE, JOSUE ECONOMIST",C00894972,0.0,0.0,0.0,0.0,0.0,2026-03-31T00:00:00,REP,REP,False,,6.0,
FL,S6FL00236,"MCBRIDE, WILLIAM",C00425546,0.0,0.0,0.0,0.0,250000.0,2025-01-24T00:00:00,REP,REP,False,,7.0,
FL,S6FL00640,"MOODY, ASHLEY",C00895763,8407063.8,1277671.65,7129392.15,7129392.15,0.0,2026-03-31T00:00:00,REP,REP,True,highest_total_receipts,1.0,
FL,S0FL00338,"RUBIO, MARCO",C00620518,1434868.67,182757.89,2854657.9,2854657.9,0.0,2026-03-31T00:00:00,REP,REP,False,,3.0,
FL,S8FL00273,"SCOTT, RICK SEN",C00676965,1458779.64,1457252.35,799890.86,799890.86,24138834.0,2026-03-31T00:00:00,REP,REP,False,,2.0,
GA,S8GA00180,"OSSOFF, T. JONATHAN",C00718866,57270664.6,30525198.99,31736032.32,31736032.32,0.0,2026-03-31T00:00:00,DEM,DEM,True,highest_total_receipts,1.0,
GA,S0GA00559,"WARNOCK, RAPHAEL",C00736876,1949646.61,2646725.5,4041496.1,4041496.1,0.0,2026-03-31T00:00:00,DEM,DEM,False,,2.0,
GA,S6GA00267,"BOX, REAGAN",C00818807,82041.04,90345.82,-261.54,-261.54,0.0,2026-03-31T00:00:00,REP,REP,False,,7.0,
GA,S6GA00374,"CARTER, EARL LEROY",C00543967,6713652.93,6002322.36,3730260.91,3730260.91,3000000.0,2026-03-31T00:00:00,REP,REP,False,,2.0,
GA,S6GA00366,"CLEMENT, CHRISTINA LOREN REV DR TRUSTE",C00857128,50250930.0,2234.41,50248695.59,50248695.59,50250000.0,2026-03-31T00:00:00,REP,REP,True,highest_total_receipts,1.0,
GA,S6GA00390,"COLLINS, MICHAEL A JR",C00544684,4318376.94,2790134.88,2125437.15,2125437.15,286941.43,2026-03-31T00:00:00,REP,REP,False,,3.0,
GA,S6GA00408,"DOOLEY, DEREK",C00914531,3671916.59,1448348.05,2223568.54,2223568.54,0.0,2026-03-31T00:00:00,REP,REP,False,,4.0,
GA,S6GA00382,"KING, JOHN",C00904870,563078.46,563078.46,0.0,0.0,0.0,2026-01-31T00:00:00,REP,REP,False,,6.0,
GA,S2GA00282,"MCCOLUMN, JONATHAN MR",C00805721,36143.79,23433.03,12412.31,12412.31,30000.0,2026-03-31T00:00:00,REP,REP,False,,8.0,
GA,S2GA00225,"WALKER, HERSCHEL MR.",C00787853,890425.72,421256.98,4821735.73,4821735.73,0.0,2026-03-31T00:00:00,REP,REP,False,,5.0,
HI,S2HI00106,"HIRONO, MAZIE K.",C00420760,486874.86,499060.49,1393689.22,1393689.22,0.0,2026-03-31T00:00:00,DEM,DEM,False,,2.0,
HI,S4HI00136,"SCHATZ, BRIAN",C00540732,1185717.89,508868.78,2333473.53,2333473.53,0.0,2026-03-31T00:00:00,DEM,DEM,True,highest_total_receipts,1.0,
HI,S4HI00177,"LAM, ADRIEL",C00859785,0.0,741.75,0.0,0.0,0.0,2025-06-30T00:00:00,REP,REP,False,,2.0,
HI,S2HI00155,"MCDERMOTT, ROBERT",C00800656,59.4,111.31,72.43,72.43,4500.0,2026-03-31T00:00:00,REP,REP,True,highest_total_receipts,1.0,
IA,S2IA00164,"FINKENAUER, ABBY",C00785279,15065.71,19820.44,4718.44,4718.44,318625.32,2026-03-31T00:00:00,DEM,DEM,False,,6.0,
IA,S0IA00176,"GREENFIELD, THERESA",C00708164,0.0,40984.9,123723.68,123723.68,0.0,2026-03-31T00:00:00,DEM,DEM,False,,7.0,
IA,S6IA00280,"NORRIS, JACKIE",C00914747,363563.01,363563.01,0.0,0.0,0.0,2026-03-20T00:00:00,DEM,DEM,False,,4.0,
IA,S6IA00256,"SAGE, NATHAN",C00902494,1432562.28,1432459.9,102.38,102.38,6821.92,2026-03-31T00:00:00,DEM,DEM,False,,3.0,
IA,S6IA00264,"SCHOLTEN, JAMES",C00907170,213415.45,205271.15,8144.3,8144.3,10100.0,2025-12-31T00:00:00,DEM,DEM,False,,5.0,
IA,S6IA00298,"TUREK, JOSHUA",C00915645,2808701.1,2051221.09,757480.01,757480.01,0.0,2026-03-31T00:00:00,DEM,DEM,False,,2.0,
IA,S6IA00272,"WAHLS, ZACH P",C00907923,3167670.76,2112265.12,1055405.64,1055405.64,0.0,2026-03-31T00:00:00,DEM,DEM,True,highest_total_receipts,1.0,
IA,S6IA00181,"LAEHN, THOMAS RAYMOND DR.",C00872903,20422.91,29466.51,5513.72,5513.72,0.0,2026-03-31T00:00:00,LIB,OTHER,False,,1.0,
IA,S4IA00194,"STEWART, RICK",C00753657,0.0,0.0,-7272.83,-7272.83,0.0,2025-06-30T00:00:00,LIB,OTHER,False,,2.0,
IA,S6IA00314,"ARENHOLZ, ASHLEY HINSON",C00706267,7267266.37,2679198.52,6516143.25,6516143.25,0.0,2026-03-31T00:00:00,REP,REP,True,highest_total_receipts,1.0,
IA,S6IA00249,"CARLIN, JAMES",C00898148,293966.17,279387.32,14578.85,14578.85,193506.46,2026-03-31T00:00:00,REP,REP,False,,3.0,
IA,S2IA00131,"CARLIN, JAMES M.",C00769208,0.0,0.0,0.0,0.0,0.0,2025-02-16T00:00:00,REP,REP,False,,5.0,
IA,S4IA00129,"ERNST, JONI K",C00546788,1997585.68,2240263.66,1997164.76,1997164.76,0.0,2026-03-31T00:00:00,REP,REP,False,,2.0,
IA,S0IA00028,"GRASSLEY, CHARLES E",C00230482,208905.54,250920.98,290885.5,290885.5,0.0,2026-03-31T00:00:00,REP,REP,False,,4.0,
IA,S4IA00095,"WHITAKER, MATTHEW GEORGE ""MATT""",C00544924,0.0,0.0,7987.56,7987.56,49187.37,2026-03-31T00:00:00,REP,REP,False,,6.0,
ID,S6ID00013,"EVANS, JOHN VICTOR",C00194472,2079.84,22235.3,49226.93,49226.93,0.0,2026-03-31T00:00:00,DEM,DEM,False,,2.0,
ID,S6ID00138,"ROTH, DAVID JORDAN",C00839720,7494.66,8180.98,-91.55,-91.55,10027.58,2026-03-31T00:00:00,DEM,DEM,True,highest_total_receipts,1.0,
ID,S6ID00146,"ACHILLES, TODD BAKER",C00909309,412743.66,280248.03,140788.55,140788.55,0.0,2026-03-31T00:00:00,IND,OTHER,False,,2.0,
ID,S8ID00027,"CRAPO, MICHAEL D",C00330886,1047393.27,590918.68,3028068.4,3028068.4,0.0,2026-03-31T00:00:00,REP,REP,True,highest_total_receipts,1.0,
ID,S6ID00120,"EVANS, JOE",C00894816,7741.0,7650.17,90.83,90.83,6791.0,2026-03-30T00:00:00,REP,REP,False,,4.0,
ID,S6ID00161,"LAVE, DENNY",C00940833,160895.0,1605.5,159289.5,159289.5,169276.83,2026-03-31T00:00:00,REP,REP,False,,2.0,
ID,S6ID00153,"ROY, JOSHUA S",C00928424,27384.67,14495.1,12889.57,12889.57,17862.97,2026-03-31T00:00:00,REP,REP,False,,3.0,
ID,S2ID00129,"TROTTER, JAMES SCOTT",C00791319,0.0,0.0,0.0,0.0,0.0,2025-03-31T00:00:00,REP,REP,False,,5.0,
ID,S8ID00092,"RISCH, JAMES E MR.",C00440362,2729215.51,1322608.05,3826972.02,3826972.02,0.0,2026-03-31T00:00:00,UNK,OTHER,False,,1.0,
IL,S6IL00656,"BOTSFORD, STEVE",C00920348,372718.37,372618.2,100.17,100.17,0.0,2026-03-31T00:00:00,DEM,DEM,False,,5.0,
IL,S6IL00565,"BUSTOS, AWISI",C00907931,42028.81,46453.58,0.0,0.0,0.0,2026-02-25T00:00:00,DEM,DEM,False,,10.0,
IL,S6IL00623,"DEAN, JONATHAN",C00915280,124404.07,100311.38,24092.69,24092.69,61077.0,2026-03-31T00:00:00,DEM,DEM,False,,7.0,
IL,S6IL00607,"DELGADO, ADAM",C00914390,56308.96,76786.16,-19467.2,-19467.2,0.0,2026-03-31T00:00:00,DEM,DEM,False,,9.0,
IL,S6IL00292,"DUCKWORTH, L. TAMMY",C00574889,4300519.14,3242661.33,3801810.77,3801810.77,0.0,2026-03-31T00:00:00,DEM,DEM,False,,3.0,
IL,S6IL00151,"DURBIN, RICHARD J.",C00148999,79857.6,778171.85,976472.97,976472.97,0.0,2026-03-31T00:00:00,DEM,DEM,False,,8.0,
IL,S6IL00474,"KELLY, ROBIN",C00904300,3466395.93,3278736.11,187659.82,187659.82,0.0,2026-03-31T00:00:00,DEM,DEM,False,,4.0,
IL,S6IL00482,"KRISHNAMOORTHI, S",C00904466,31390858.87,28237935.72,3152923.15,3152923.15,116248.28,2026-03-31T00:00:00,DEM,DEM,True,highest_total_receipts,1.0,
IL,S6IL00649,"MAXWELL, BRYAN",C00918466,21976.0,20613.84,1362.16,1362.16,0.0,2026-03-31T00:00:00,DEM,DEM,False,,11.0,
IL,S6IL00631,"RODRIQUEZ, ADAIR",C00917260,236.0,148.48,0.0,0.0,0.0,2025-12-31T00:00:00,DEM,DEM,False,,14.0,
IL,S6IL00581,"RYAN, KEVIN",C00907774,138950.63,147814.81,-8864.18,-8864.18,0.0,2026-03-31T00:00:00,DEM,DEM,False,,6.0,
IL,S6IL00599,"SHEPHERD, JUMP WESLEY",C00907360,4166.86,11760.93,-7594.07,-7594.07,0.0,2026-02-01T00:00:00,DEM,DEM,False,,13.0,
IL,S6IL00458,"STRATTON, JULIANA",C00903252,4791273.46,4096025.84,695247.62,695247.62,192935.89,2026-03-31T00:00:00,DEM,DEM,False,,2.0,
IL,S6IL00409,"SWANN, CHRISTOPHER ALEXANDER",C00867523,17642.57,17458.64,-408.8,-408.8,0.0,2026-03-31T00:00:00,DEM,DEM,False,,12.0,
IL,S6IL00680,"HARRINGTON, WHITFIELD MR JR",C00931428,31662.4,7626.64,24035.76,24035.76,10000.0,2026-03-31T00:00:00,IND,OTHER,False,,1.0,
IL,S6IL00391,"BENNETT, DOUGLAS",C00634808,1000.0,906.15,1547.62,1547.62,115600.0,2026-03-31T00:00:00,REP,REP,False,,9.0,
IL,S6IL00490,"CAPPARELLI, R CARY",C00911628,13471.89,12643.39,828.5,828.5,4748.41,2026-04-14T00:00:00,REP,REP,False,,7.0,
IL,S2IL00200,"CHLEBEK, CASEY",C00903823,202000.0,201972.54,27.46,27.46,37000.0,2026-03-31T00:00:00,REP,REP,False,,3.0,
IL,S6IL00466,"CHLEBEK, CASIMER MR.",C00903823,202000.0,201972.54,27.46,27.46,37000.0,2026-03-31T00:00:00,REP,REP,False,,4.0,
IL,S6IL00672,"EVANS, JEANNIE",C00921759,1280369.17,1136878.25,143490.92,143490.92,900000.0,2026-03-31T00:00:00,REP,REP,False,,2.0,
IL,S6IL00425,"GOODMAN, JOHN",C00897652,28555.42,22855.91,5699.51,5699.51,8362.0,2025-09-30T00:00:00,REP,REP,False,,5.0,
IL,S0IL00501,"HUBBARD, PEGGY",C00696815,0.0,0.0,6535.87,6535.87,0.0,2026-03-31T00:00:00,REP,REP,False,,10.0,
IL,S6IL00540,"LONG, PAMELA",C00904516,24715.06,22829.78,1885.28,1885.28,2637.99,2026-04-09T00:00:00,REP,REP,False,,6.0,
IL,S8IL00223,"MCCLANAHAN, ZACHARY",C00930685,2073.5,750.63,1322.87,1322.87,0.0,2026-03-31T00:00:00,REP,REP,False,,8.0,
IL,S6IL00615,"TRACY, DON",C00917120,2327334.3,783936.04,1543398.26,1543398.26,2000000.0,2026-03-31T00:00:00,REP,REP,True,highest_total_receipts,1.0,
IL,S4IL00438,"TRUAX, DOUGLAS LEE",C00546457,0.0,0.0,0.0,0.0,53087.87,2026-03-31T00:00:00,REP,REP,False,,11.0,
IL,S6IL00698,"SCHWARTZBERG, STEVEN J",C00942805,5200.0,0.0,5200.0,5200.0,,2026-03-31T00:00:00,,OTHER,False,,2.0,
IN,S8IN00049,"BAYH, EVAN",C00306860,310775.13,27524.01,2232143.55,2232143.55,0.0,2026-03-31T00:00:00,DEM,DEM,True,highest_total_receipts,1.0,
IN,S4IN00279,"CARMICHAEL, ROBERT MARC",C00845859,0.0,0.0,13200.15,13200.15,3147.12,2025-06-30T00:00:00,DEM,DEM,False,,6.0,
IN,S2IN00091,"DONNELLY, JOSEPH S",C00393652,322.25,10529.01,90511.8,90511.8,0.0,2026-03-31T00:00:00,DEM,DEM,False,,5.0,
IN,S0IN00061,"HILL, BARON P",C00578880,1060.65,8128.77,47403.61,47403.61,0.0,2026-03-31T00:00:00,DEM,DEM,False,,4.0,
IN,S2IN00166,"MCCRAY, VALERIE L DR",C00697615,5203.07,6189.82,4979.56,4979.56,671.07,2025-12-31T00:00:00,DEM,DEM,False,,3.0,
IN,S4IN00261,"POTTS, KEITH",C00844753,5650.0,5811.47,2.12,2.12,10800.0,2026-03-31T00:00:00,DEM,DEM,False,,2.0,
IN,S4IN00196,"BANKS, JAMES E. HON.",C00577999,1867267.71,1464916.56,3015707.87,3015707.87,27931.73,2026-03-31T00:00:00,REP,REP,False,,2.0,
IN,S8IN00171,"BRAUN, MIKE",C00653147,144774.26,27700.97,115081.72,115081.72,0.0,2026-03-31T00:00:00,REP,REP,False,,3.0,
IN,S8IN00189,"ROKITA, THEODORE EDWARD",C00476192,0.0,5135.54,5135.54,5135.54,0.0,2026-09-30T00:00:00,REP,REP,False,,4.0,
IN,S6IN00191,"YOUNG, TODD CHRISTOPHER",C00459255,3599267.98,1234309.96,6790900.66,6790900.66,0.0,2026-03-31T00:00:00,REP,REP,True,highest_total_receipts,1.0,
KS,S6KS00247,"DAVIS, CHRISTY",C00915934,137068.03,77796.18,59271.85,59271.85,0.0,2026-03-31T00:00:00,DEM,DEM,False,,4.0,
KS,S6KS00304,"HART, JASON",C00942391,10741.42,5372.27,5369.15,5369.15,4111.53,2026-03-31T00:00:00,DEM,DEM,False,,7.0,
KS,S6KS00270,"MURRAY, ERIK",C00929240,179817.62,134230.89,45586.73,45586.73,0.0,2026-03-31T00:00:00,DEM,DEM,False,,2.0,
KS,S6KS00239,"PARELKAR, LOIS ANNE ELIZABETH LEA",C00913293,19898.0,19707.85,190.15,190.15,5500.0,2026-03-31T00:00:00,DEM,DEM,False,,6.0,
KS,S0KS00307,"REDDI, USHA",C00717280,33.59,1000.0,10014.58,10014.58,0.0,2026-03-31T00:00:00,DEM,DEM,False,,8.0,
KS,S6KS00288,"SCHMIDT, PATRICK",C00937599,177173.5,47590.34,129583.16,129583.16,0.0,2026-03-31T00:00:00,DEM,DEM,False,,3.0,
KS,S6KS00262,"SPIDEL NEUMANN, SANDY",C00923474,187436.34,149326.67,38109.67,38109.67,100000.0,2026-03-31T00:00:00,DEM,DEM,True,highest_total_receipts,1.0,
KS,S6KS00296,"TAYLOR, NOAH",C00943803,72435.0,3801.94,68633.06,68633.06,0.0,2026-03-31T00:00:00,DEM,DEM,False,,5.0,
KS,S0KS00166,"WIESNER, PATRICK",C00563577,0.0,129.48,11675.55,11675.55,50500.0,2026-03-31T00:00:00,DEM,DEM,False,,9.0,
KS,S0KS00349,"HAMILTON, BOB",C00743153,0.0,0.0,0.0,0.0,1150.0,2026-03-31T00:00:00,REP,REP,False,,3.0,
KS,S0KS00315,"MARSHALL, ROGER W",C00576173,3331963.38,255723.24,4781258.78,4781258.78,0.0,2026-03-31T00:00:00,REP,REP,True,highest_total_receipts,1.0,
KS,S0KS00091,"MORAN, JERRY",C00458315,990634.22,244726.92,5515291.6,5515291.6,61238.33,2026-03-31T00:00:00,REP,REP,False,,2.0,
KY,S6KY00385,"BOOKER, CHARLES",C00929208,368365.15,170264.65,198100.5,198100.5,0.0,2026-03-31T00:00:00,DEM,DEM,False,,3.0,
KY,S6KY00328,"FORSYTHE, LOGAN",C00919811,46938.03,43805.16,3132.87,3132.87,0.0,2025-12-31T00:00:00,DEM,DEM,False,,6.0,
KY,S6KY00344,"MCGRATH, AMY",C00922302,1942704.23,1631150.23,311554.0,311554.0,7350.0,2026-03-31T00:00:00,DEM,DEM,True,highest_total_receipts,1.0,
KY,S6KY00369,"ROMANS, DALE",C00925578,821111.07,380233.44,440877.63,440877.63,230000.0,2026-03-31T00:00:00,DEM,DEM,False,,2.0,
KY,S6KY00211,"STEVENSON, PAMELA",C00897058,266962.54,242098.61,24863.93,24863.93,63806.69,2025-09-30T00:00:00,DEM,DEM,False,,5.0,
KY,S6KY00336,"WILLETT, JOEL",C00920009,350036.01,321249.37,28786.64,28786.64,96000.0,2025-12-31T00:00:00,DEM,DEM,False,,4.0,
KY,S0KY00396,"BARRON, STEPHEN BRADLEY",C00723270,0.0,0.0,12811.57,12811.57,0.0,2026-03-31T00:00:00,LIB,OTHER,False,,1.0,
KY,S6KY00286,"BARR, GARLAND ANDY",C00467571,7968106.41,7486809.96,4174374.09,4174374.09,0.0,2026-03-31T00:00:00,REP,REP,True,highest_total_receipts,1.0,
KY,S6KY00237,"CAMERON, DANIEL",C00898189,2060372.38,1295627.37,764745.01,764745.01,0.0,2026-03-31T00:00:00,REP,REP,False,,4.0,
KY,S6KY00260,"FARIS, MICHAEL",C00903930,61529.95,78371.26,-16841.31,-16841.31,0.0,2026-03-31T00:00:00,REP,REP,False,,6.0,
KY,S6KY00278,"FARIS, MICHAEL JAMES",C00903930,61529.95,78371.26,-16841.31,-16841.31,0.0,2026-03-31T00:00:00,REP,REP,False,,7.0,
KY,S2KY00012,"MCCONNELL, MITCH",C00193342,174224.95,934417.29,7333272.06,7333272.06,0.0,2026-03-31T00:00:00,REP,REP,False,,5.0,
KY,S6KY00302,"MORRIS, NATE",C00909705,7028611.22,6448016.35,580594.87,580594.87,4902000.0,2026-03-31T00:00:00,REP,REP,False,,2.0,
KY,S0KY00156,"PAUL, RAND",C00496075,3312762.54,3196268.18,6810091.73,6810091.73,0.0,2026-03-31T00:00:00,REP,REP,False,,3.0,
KY,S0KY00198,"THONEY, ROGER",C00354365,0.0,86.0,1485.53,1485.53,27900.0,2026-03-31T00:00:00,REP,REP,False,,9.0,
KY,S6KY00393,"WENZEL, DONALD RAY",C00932202,2431.4,2431.4,,,,2026-03-15T00:00:00,REP,REP,False,,8.0,
LA,S6LA00706,"ALBARES, NICHOLAS S.",C00938944,70920.59,16884.09,54036.5,54036.5,5275.0,2026-03-31T00:00:00,DEM,DEM,False,,3.0,
LA,S6LA00680,"CROCKETT, GARY",C00941070,350000.0,12138.94,675722.12,675722.12,350000.0,2026-03-31T00:00:00,DEM,DEM,True,highest_total_receipts,1.0,
LA,S6LA00615,"DAVIS, JAMIE",C00929117,325965.17,184143.76,141821.41,141821.41,10000.0,2026-03-31T00:00:00,DEM,DEM,False,,2.0,
LA,S4LA00040,"JOHN, CHRIS",C00394445,100.0,90.18,12.61,12.61,126480.15,2026-03-31T00:00:00,DEM,DEM,False,,4.0,
LA,S2LA00168,"STEIB, SYRITA",C00802710,0.0,0.0,13076.63,13076.63,33614.25,2025-04-16T00:00:00,DEM,DEM,False,,5.0,
LA,S4LA00107,"CASSIDY, WILLIAM M.",C00543983,6507706.19,5959587.57,7128536.9,7128536.9,0.0,2026-03-31T00:00:00,REP,REP,False,,3.0,
LA,S6LA00581,"EMERSON, JULIE CATHRYN",C00923631,688875.02,656194.34,32680.68,32680.68,0.0,2026-03-31T00:00:00,REP,REP,False,,6.0,
LA,S6LA00318,"FLEMING, JOHN C. JR.",C00597013,11227243.48,9076736.19,2169403.67,2169403.67,3654723.0,2026-03-31T00:00:00,REP,REP,True,highest_total_receipts,1.0,
LA,S4LA00065,"KENNEDY, JOHN NEELY",C00608398,8195849.16,5644652.0,18481378.86,18481378.86,0.0,2026-03-31T00:00:00,REP,REP,False,,2.0,
LA,S6LA00664,"LETLOW, JULIA",C00935411,3913424.32,1639379.99,2274044.33,2274044.33,0.0,2026-03-31T00:00:00,REP,REP,False,,4.0,
LA,S6LA00573,"SEIDEN, KATHY W",C00921536,1202191.0,1191584.43,10606.57,10606.57,80000.0,2026-03-31T00:00:00,REP,REP,False,,5.0,
LA,S6LA00672,"SKRMETTA, ERIC",C00937045,67750.0,9184.16,58565.84,58565.84,45983.37,2026-03-31T00:00:00,REP,REP,False,,7.0,
LA,S6LA00698,"SPENCER, MARK",C00941880,5395.0,5275.0,120.0,120.0,5275.0,2026-03-31T00:00:00,REP,REP,False,,8.0,
LA,S4LA00057,"VITTER, DAVID B",C00394593,0.0,3800.0,1461.28,1461.28,0.0,2026-03-31T00:00:00,REP,REP,False,,9.0,
MA,S4MA00069,"KERRY, JOHN F",C00408088,0.0,400.38,605.79,605.79,0.0,2026-03-31T00:00:00,DEM,DEM,False,,5.0,
MA,S4MA00028,"MARKEY, EDWARD SEN.",C00196774,3804689.34,3073999.78,2541376.53,2541376.53,0.0,2026-03-31T00:00:00,DEM,DEM,False,,2.0,
MA,S6MA00296,"MOULTON, SETH",C00547240,4255419.17,2774289.78,3331467.45,3331467.45,0.0,2026-03-31T00:00:00,DEM,DEM,True,highest_total_receipts,1.0,
MA,S6MA00254,"RIKLEEN, ALEXANDER",C00903781,75700.42,72981.88,2718.54,2718.54,37789.41,2026-03-31T00:00:00,DEM,DEM,False,,4.0,
MA,S2MA00170,"WARREN, ELIZABETH",C00500843,3772360.96,3499344.25,3723063.38,3723063.38,0.0,2026-03-31T00:00:00,DEM,DEM,False,,3.0,
MA,S8MA00268,"AYYADURAI, SHIVA DR",C00936542,9869.51,2542.56,7326.95,7326.95,0.0,2026-03-31T00:00:00,IND,OTHER,False,,3.0,
MA,S4MA00275,"AYYADURAI, SHIVA DR.",C00936542,9869.51,2542.56,7326.95,7326.95,0.0,2026-03-31T00:00:00,IND,OTHER,False,,4.0,
MA,S6MA00262,"DAWICKI, MORGAN GIFFORD",C00909663,16497.8,7308.9,3997.99,3997.99,0.0,2026-03-31T00:00:00,IND,OTHER,False,,2.0,
MA,S6MA00288,"TACHE, JOSEPH",C00920793,96091.67,66361.23,29730.44,29730.44,1650.0,2026-03-31T00:00:00,OTH,OTHER,False,,1.0,
MA,S4MA00291,"ANTONELLIS, ROBERT JOSEPH",C00841080,2000.0,0.0,1369.37,1369.37,59434.57,2026-03-31T00:00:00,REP,REP,False,,3.0,
MA,S6MA00270,"BECH, NATHAN ALEXANDER",C00449397,40000.0,43984.05,789.69,789.69,132087.21,2026-03-31T00:00:00,REP,REP,False,,2.0,
MA,S6MA00304,"DEATON, JOHN",C00926139,1400141.01,571567.1,828573.91,828573.91,1005000.0,2026-03-31T00:00:00,REP,REP,True,highest_total_receipts,1.0,
MD,S4MD00327,"ALSOBROOKS, ANGELA",C00840017,1514583.43,974813.68,589615.13,589615.13,35065.99,2026-03-31T00:00:00,DEM,DEM,False,,3.0,
MD,S6MD03177,"CARDIN, BENJAMIN L",C00411587,7213.91,427404.23,43251.41,43251.41,0.0,2026-03-31T00:00:00,DEM,DEM,False,,4.0,
MD,S4MD00301,"JAWANDO, WILL",C00839449,0.0,138465.86,0.0,0.0,0.0,2025-07-15T00:00:00,DEM,DEM,False,,5.0,
MD,S2MD00529,"SMITH, MICHELLE LAURENCE MS",C00724328,0.0,0.0,0.0,0.0,0.0,2026-03-31T00:00:00,DEM,DEM,False,,6.0,
MD,S4MD00319,"TRONE, DAVID",C00653196,11041367.95,6744393.16,4300816.22,4300816.22,10000000.0,2026-03-31T00:00:00,DEM,DEM,True,highest_total_receipts,1.0,
MD,S6MD03441,"VAN HOLLEN, CHRIS",C00573758,1515661.04,446554.55,3022508.66,3022508.66,2209.56,2026-03-31T00:00:00,DEM,DEM,False,,2.0,
MD,S4MD00467,"WALLACE, NANCY",C00868869,1000.0,820.0,-371.07,-371.07,0.0,2026-09-30T00:00:00,GRE,OTHER,False,,1.0,
MD,S4MD00293,"FICKER, ROBIN",C00832733,26.6,225.0,0.0,0.0,0.0,2026-01-16T00:00:00,REP,REP,False,,2.0,
MD,S2MD00602,"FRIEND, LORIE R",C00814442,0.0,0.0,-2161.94,-2161.94,8692.25,2026-03-31T00:00:00,REP,REP,False,,3.0,
MD,S4MD00483,"HOGAN, LARRY",C00869016,142947.61,296257.42,0.0,0.0,9357.08,2026-03-31T00:00:00,REP,REP,True,highest_total_receipts,1.0,
ME,S4ME00113,"COSTELLO, DAVID",C00907881,143480.66,96332.4,47148.26,47148.26,30000.0,2026-03-31T00:00:00,DEM,DEM,False,,5.0,
ME,S6ME00357,"FAVREAU, TUCKER",C00907873,13599.1,5076.27,8522.83,8522.83,0.0,2026-03-31T00:00:00,DEM,DEM,False,,7.0,
ME,S0ME00111,"GIDEON, SARA",C00709899,55104.97,1135824.25,2680700.74,2680700.74,0.0,2026-03-31T00:00:00,DEM,DEM,False,,6.0,
ME,S6ME00381,"KLEBAN, DAN",C00918300,458786.42,458366.92,419.5,419.5,1687.5,2026-03-31T00:00:00,DEM,DEM,False,,3.0,
ME,S6ME00340,"LAFLAMME, ANDREA",C00907261,7739.32,1928.92,5810.4,5810.4,1750.0,2026-03-31T00:00:00,DEM,DEM,False,,8.0,
ME,S6ME00407,"MILLS, JANET TRAFTON",C00923144,5359823.45,4285469.89,1074353.56,1074353.56,0.0,2026-03-31T00:00:00,DEM,DEM,False,,2.0,
ME,S6ME00373,"PLATNER, GRAHAM",C00916437,11956529.27,9225671.66,2730857.61,2730857.61,4766.6,2026-03-31T00:00:00,DEM,DEM,True,highest_total_receipts,1.0,
ME,S6ME00365,"RODRIGUEZ, DAIRA",C00916189,242582.34,242582.34,0.0,0.0,0.0,2025-12-31T00:00:00,DEM,DEM,False,,4.0,
ME,S6ME00399,"EVANS, DAVID ALAN",C00921767,6436.72,6436.72,0.0,0.0,0.0,2025-12-31T00:00:00,IND,OTHER,False,,3.0,
ME,S2ME00109,"KING, ANGUS S. JR.",C00516047,48607.13,218438.27,68885.63,68885.63,0.0,2026-03-31T00:00:00,IND,OTHER,False,,2.0,
ME,S6ME00282,"RENCH, PHILLIP",C00897660,55499.8,47452.0,8047.8,8047.8,50000.0,2025-12-31T00:00:00,IND,OTHER,False,,1.0,
ME,S6ME00316,"CALABRESE, CARMEM VINCENT MR.",C00902759,17759.71,21259.71,-3500.0,-3500.0,0.0,2025-09-30T00:00:00,REP,REP,False,,2.0,
ME,S6ME00324,"CALABRESE, CARMEN VINCENT MR.",C00902759,17759.71,21259.71,-3500.0,-3500.0,0.0,2025-09-30T00:00:00,REP,REP,False,,3.0,
ME,S6ME00159,"COLLINS, SUSAN M.",C00314575,10463303.65,3038765.01,10000847.54,10000847.54,0.0,2026-03-31T00:00:00,REP,REP,True,highest_total_receipts,1.0,
MI,S4MI00496,"BEYDOUN, NASSER",C00837112,0.0,0.0,9690.79,9690.79,0.0,2026-03-31T00:00:00,DEM,DEM,False,,10.0,
MI,S6MI00418,"EL-SAYED, ABDUL",C00902668,7646727.83,5117400.65,2529327.18,2529327.18,0.0,2026-03-31T00:00:00,DEM,DEM,False,,3.0,
MI,S6MI00467,"HOWARD, RACHEL ELIZABETH",C00906867,10937.0,6170.77,4766.23,4766.23,3287.0,2025-09-30T00:00:00,DEM,DEM,False,,7.0,
MI,S6MI00392,"MCMORROW, MALLORY",C00901173,8624066.19,4931519.99,3692546.2,3692546.2,0.0,2026-03-31T00:00:00,DEM,DEM,False,,2.0,
MI,S4MI00355,"PETERS, GARY",C00437889,201476.25,786015.06,6543790.66,6543790.66,0.0,2026-03-31T00:00:00,DEM,DEM,False,,6.0,
MI,S4MI00538,"PUGH, PAMELA L",C00840587,1175.0,6004.93,1919.04,1919.04,0.0,2026-03-31T00:00:00,DEM,DEM,False,,9.0,
MI,S4MI00470,"SLOTKIN, ELISSA",C00834218,4378578.6,2296328.03,2364965.95,2364965.95,15340.0,2026-03-31T00:00:00,DEM,DEM,False,,4.0,
MI,S8MI00281,"STABENOW, DEBBIE",C00344473,8350.36,622820.6,0.0,0.0,0.0,2025-06-30T00:00:00,DEM,DEM,False,,8.0,
MI,S6MI00426,"STEVENS, HALEY",C00903039,8870471.26,5481553.31,3388917.95,3388917.95,56555.46,2026-03-31T00:00:00,DEM,DEM,True,highest_total_receipts,1.0,
MI,S6MI00459,"TATE, JOSEPH ALLEN",C00904862,243635.76,243635.76,0.0,0.0,0.0,2025-09-30T00:00:00,DEM,DEM,False,,5.0,
MI,S6MI00509,"STEPHENS, THOMAS WAYNE",C00915314,1000.0,220.48,779.52,779.52,500.0,2025-12-31T00:00:00,NPA,OTHER,False,,1.0,
MI,S4MI00694,"AMASH, JUSTIN",C00476291,552.18,3500.0,252.52,252.52,0.0,2026-03-31T00:00:00,REP,REP,False,,6.0,
MI,S6MI00384,"HEURTEBISE, FREDERICK",C00897736,10058.6,10058.6,0.0,0.0,0.0,2025-05-03T00:00:00,REP,REP,False,,4.0,
MI,S4MI00454,"HOOVER, MICHAEL",C00832618,0.0,0.0,1660.59,1660.59,72992.99,2026-03-31T00:00:00,REP,REP,False,,7.0,
MI,S8MI00372,"JAMES, JOHN",C00651208,0.0,-9467.32,10237.6,10237.6,0.0,2026-03-31T00:00:00,REP,REP,False,,8.0,
MI,S4MI00637,"MEIJER, PETER MR.",C00855668,0.0,719.39,15148.47,15148.47,514533.5,2026-03-31T00:00:00,REP,REP,False,,9.0,
MI,S4MI00561,"O'DONNELL, SHERRELL ANNE",C00847657,5790.15,13084.37,0.0,0.0,0.0,2025-04-14T00:00:00,REP,REP,False,,5.0,
MI,S4MI00595,"ROGERS, MICHAEL J",C00849810,7623339.49,3670043.1,4208027.83,4208027.83,0.0,2026-03-31T00:00:00,REP,REP,True,highest_total_receipts,1.0,
MI,S4MI00579,"SAVAGE, SHARON MAUREEN",C00848879,0.0,0.0,49174.49,49174.49,0.0,2025-03-31T00:00:00,REP,REP,False,,10.0,
MI,S6MI00434,"SCOTT, GENEVIEVE",C00903427,76083.76,69528.6,6555.16,6555.16,48669.16,2026-03-31T00:00:00,REP,REP,False,,2.0,
MI,S6MI00517,"SMITH, BERNADETTE",C00926279,53804.41,52499.8,1304.61,1304.61,0.0,2026-03-31T00:00:00,REP,REP,False,,3.0,
MN,S6MN00499,"CRAIG, ANGIE",C00903690,9290611.68,4395298.62,4895313.06,4895313.06,389289.67,2026-03-31T00:00:00,DEM,DEM,True,highest_total_receipts,1.0,
MN,S8MN00438,"FRANKEN, AL",C00570960,65586.96,410468.02,1401137.26,1401137.26,0.0,2026-03-31T00:00:00,DEM,DEM,False,,3.0,
MN,S6MN00465,"LOPEZ FRANZEN, MELISA",C00899310,299376.29,299376.29,0.0,0.0,0.0,2025-07-15T00:00:00,DEM,DEM,False,,2.0,
MN,S8MN00578,"SMITH, TINA",C00663781,48581.55,506058.16,270257.23,270257.23,0.0,2026-03-31T00:00:00,DEM,DEM,False,,4.0,
MN,S6MN00440,"FLANAGAN, MARGARET",C00897751,4646309.17,3502299.33,1144009.84,1144009.84,0.0,2026-03-31T00:00:00,DFL,OTHER,False,,1.0,
MN,S6MN00267,"KLOBUCHAR, AMY",C00431353,2515566.99,2988157.73,1308966.28,1308966.28,0.0,2026-03-31T00:00:00,DFL,OTHER,False,,2.0,
MN,S4MN00569,"LACEY, JOYCE L",C00881581,253.0,0.0,257.05,257.05,0.0,2026-03-31T00:00:00,IDP,OTHER,False,,3.0,
MN,S4MN00510,"FRASER, JOSEPH",C00867705,30.0,9903.6,8693.3,8693.3,198898.57,2026-03-31T00:00:00,REP,REP,False,,8.0,
MN,S6MN00531,"HANN, DAVID W",C00932954,133465.26,133465.26,0.0,0.0,0.0,2026-04-29T00:00:00,REP,REP,False,,4.0,
MN,S8MN00586,"HOUSLEY, KARIN",C00664219,0.0,1405.0,3487.6,3487.6,0.0,2025-06-30T00:00:00,REP,REP,False,,9.0,
MN,S4MN00361,"ORTMAN, JULIANNE",C00548446,0.0,0.0,4.98,4.98,49563.29,2025-12-31T00:00:00,REP,REP,False,,10.0,
MN,S4MN00551,"PETERSEN, RAYMOND DAVID",C00880005,960.98,960.98,0.0,0.0,0.0,2026-03-31T00:00:00,REP,REP,False,,7.0,
MN,S4MN00486,"RUOHO, MIKE",C00819672,0.0,550.0,-136.35,-136.35,0.0,2025-03-31T00:00:00,REP,REP,False,,11.0,
MN,S6MN00457,"SCHWARZE, ADAM",C00898817,1102851.14,879423.21,223427.93,223427.93,40000.0,2026-03-31T00:00:00,REP,REP,False,,2.0,
MN,S6MN00556,"TAFOYA, MICHELE",C00935528,2041939.86,186972.48,1854967.38,1854967.38,0.0,2026-03-31T00:00:00,REP,REP,True,highest_total_receipts,1.0,
MN,S6MN00515,"WEILER, TOM",C00792002,105397.12,56432.5,50725.3,50725.3,112570.0,2026-03-31T00:00:00,REP,REP,False,,5.0,
MN,S4MN00502,"WHITE, ROYCE",C00850743,565894.4,622199.36,82803.72,82803.72,75.0,2026-03-31T00:00:00,REP,REP,False,,3.0,
MN,S6MN00549,"YORK, MARK",C00932863,56206.07,45484.61,10721.46,10721.46,0.0,2026-03-31T00:00:00,REP,REP,False,,6.0,
MO,S2MO00742,"HARRIS, RONALD",C00815001,100.0,126.0,4.22,4.22,9520.02,2026-03-06T00:00:00,DEM,DEM,False,,3.0,
MO,S2MO00528,"KUNCE, LUCAS",C00771972,407423.5,392734.45,62903.23,62903.23,0.0,2026-03-31T00:00:00,DEM,DEM,True,highest_total_receipts,1.0,
MO,S6MO00305,"MCCASKILL, CLAIRE",C00431304,1759.03,14018.37,0.0,0.0,0.0,2025-06-24T00:00:00,DEM,DEM,False,,2.0,
MO,S6MO00289,"BOND, CHRISTOPHER S",C00216705,0.0,75.0,541.05,541.05,0.0,2026-03-31T00:00:00,REP,REP,False,,5.0,
MO,S2MO00536,"GREITENS, ERIC",C00774059,0.0,0.0,0.0,0.0,76963.5,2026-03-31T00:00:00,REP,REP,False,,6.0,
MO,S8MO00160,"HAWLEY, JOSHUA DAVID SEN",C00652727,1518950.76,917519.64,899694.0,899694.0,0.0,2026-03-31T00:00:00,REP,REP,False,,2.0,
MO,S2MO00726,"LONG, BILLY",C00460063,136900.0,166732.28,0.0,0.0,0.0,2025-04-15T00:00:00,REP,REP,False,,3.0,
MO,H0MO07113,"LONG, BILLY MR.",C00460063,136900.0,166732.28,0.0,0.0,0.0,2025-04-15T00:00:00,REP,REP,False,,4.0,
MO,S2MO00577,"MCQUEEN, ELDON DAN",C00715896,0.0,0.0,1622.84,1622.84,10000.0,2026-03-31T00:00:00,REP,REP,False,,7.0,
MO,S2MO00544,"SCHMITT, ERIC",C00775015,2729849.42,1826166.73,1424246.37,1424246.37,0.0,2026-03-31T00:00:00,REP,REP,True,highest_total_receipts,1.0,
MO,S8MO00178,"SYKES, B COURTLAND",C00656694,0.0,0.0,4410.12,4410.12,0.0,2026-03-31T00:00:00,REP,REP,False,,8.0,
MS,S6MS00133,"COLOM, SCOTT",C00918359,1619367.76,1059740.86,559626.9,559626.9,86514.64,2026-03-31T00:00:00,DEM,DEM,True,highest_total_receipts,1.0,
MS,S8MS00287,"ESPY, MICHAEL",C00675884,0.0,3527.0,133717.44,133717.44,0.0,2026-03-31T00:00:00,DEM,DEM,False,,3.0,
MS,S6MS00141,"TILL, PRISCILLA WILLIAMS",C00921445,8584.39,3029.82,0.0,0.0,0.0,2026-04-15T00:00:00,DEM,DEM,False,,2.0,
MS,S4MS00187,"PINKINS, TY",C00830554,90225.35,95207.94,632.43,632.43,0.0,2026-03-31T00:00:00,IND,OTHER,False,,1.0,
MS,S6MS00109,"ADLAKHA, SARAH ANNE DR",C00900944,566184.12,556454.75,9729.37,9729.37,547000.0,2026-02-18T00:00:00,REP,REP,False,,2.0,
MS,S4MS00203,"BURTON, TIMOTHY GHANNON COLONEL(R)",C00854125,0.0,1595.63,0.0,0.0,0.0,2025-04-30T00:00:00,REP,REP,False,,4.0,
MS,S8MS00261,"HYDE-SMITH, CINDY",C00675348,3394174.57,1405313.85,2458624.57,2458624.57,60000.0,2026-03-31T00:00:00,REP,REP,True,highest_total_receipts,1.0,
MS,S4MS00120,"MCDANIEL, CHRISTOPHER BRIAN",C00673285,0.0,30.0,1.47,1.47,46700.0,2026-03-31T00:00:00,REP,REP,False,,5.0,
MS,S8MS00196,"WICKER, ROGER SEN.",C00443218,193613.35,425757.66,2762604.5,2762604.5,0.0,2026-03-31T00:00:00,REP,REP,False,,3.0,
MT,S0MT00116,"BALLARD, JACK",C00714295,0.0,0.0,9.04,9.04,4520.0,2026-03-31T00:00:00,DEM,DEM,False,,7.0,
MT,S6MT00253,"BANKHEAD, ALANI INES",C00937201,15240.06,5775.0,10625.06,10625.06,0.0,2026-03-31T00:00:00,DEM,DEM,False,,4.0,
MT,S8MT00010,"BAUCUS, MAX",C00328211,0.0,75563.43,182384.68,182384.68,100.0,2026-03-31T00:00:00,DEM,DEM,False,,8.0,
MT,S6MT00246,"BLACKWOLF, MICHAEL JAMES MR.",C00919936,26144.0,25616.21,527.79,527.79,0.0,2026-03-31T00:00:00,DEM,DEM,False,,3.0,
MT,S0MT00173,"BULLOCK, STEVE",C00741611,4679.25,168471.66,544355.72,544355.72,0.0,2026-03-31T00:00:00,DEM,DEM,False,,6.0,
MT,S4MT00217,"HUMMERT, MICHAEL",C00873166,10900.0,3125.0,8519.73,8519.73,14850.0,2026-03-31T00:00:00,DEM,DEM,False,,5.0,
MT,S6MT00238,"NEILL, REILLY",C00892505,272736.33,168977.55,103938.36,103938.36,88000.0,2026-03-31T00:00:00,DEM,DEM,True,highest_total_receipts,1.0,
MT,S6MT00162,"TESTER, R. JON",C00412304,233311.01,257723.68,741470.97,741470.97,0.0,2026-03-31T00:00:00,DEM,DEM,False,,2.0,
MT,S6MT00287,"BODNAR, SETH",C00941708,1358574.95,213586.76,1144988.19,1144988.19,0.0,2026-03-31T00:00:00,IND,OTHER,False,,1.0,
MT,S6MT00261,"AUSTIN, KYLE",C00870352,262094.97,226081.96,36013.01,36013.01,0.0,2026-03-31T00:00:00,LIB,OTHER,False,,2.0,
MT,S6MT00295,"ALME, KURT",C00942060,924643.51,15686.66,908956.85,908956.85,0.0,2026-03-31T00:00:00,REP,REP,False,,3.0,
MT,S2MT00096,"DAINES, STEVE",C00491357,4709051.07,2192226.74,4275067.25,4275067.25,44813.08,2026-03-31T00:00:00,REP,REP,True,highest_total_receipts,1.0,
MT,S6MT00097,"REHBERG, DENNIS RAY",C00493015,0.0,0.0,0.0,0.0,0.0,2026-03-31T00:00:00,REP,REP,False,,5.0,
MT,S8MT00234,"ROSENDALE, MATT MR.",C00548289,920.41,810043.39,110969.82,110969.82,123500.7,2026-03-31T00:00:00,REP,REP,False,,4.0,
MT,S4MT00183,"SHEEHY, TIM",C00844159,1418620.23,1856246.33,951381.84,951381.84,609018.77,2026-03-31T00:00:00,REP,REP,False,,2.0,
NC,S2NC00497,"BEASLEY, CHERI",C00777904,0.0,18125.35,0.0,0.0,0.0,2025-05-23T00:00:00,DEM,DEM,False,,4.0,
NC,S6NC00407,"COOPER, ROY",C00913566,26822372.69,8366909.64,18455463.05,18455463.05,0.0,2026-03-31T00:00:00,DEM,DEM,True,highest_total_receipts,1.0,
NC,S2NC00471,"NEWTON, EVERETTE (RETT) S.",C00774851,0.0,0.0,0.0,0.0,0.0,2026-03-31T00:00:00,DEM,DEM,False,,5.0,
NC,S6NC00340,"NICKEL, WILEY",C00763045,588995.0,1277986.16,0.0,0.0,0.0,2026-03-20T00:00:00,DEM,DEM,False,,2.0,
NC,S0NC00343,"SMITH, ERICA DANETTE",C00696104,0.0,0.0,4894.23,4894.23,91969.74,2026-03-31T00:00:00,DEM,DEM,False,,6.0,
NC,S8NC00270,"WILLIAMS, MARCUS W.",C00931659,5656.28,5656.28,0.0,0.0,,2026-03-17T00:00:00,DEM,DEM,False,,3.0,
NC,S6NC00464,"MCGINNIS, BRIAN",C00925792,64450.36,2299.5,62674.26,62674.26,0.0,2026-03-31T00:00:00,GRE,OTHER,False,,1.0,
NC,S6NC00373,"BROWN, DON",C00857110,224689.23,225529.84,0.0,0.0,0.0,2026-04-13T00:00:00,REP,REP,False,,4.0,
NC,S2NC00505,"BUDD, THEODORE P",C00614776,1108350.93,961551.31,429157.89,429157.89,0.0,2026-03-31T00:00:00,REP,REP,False,,3.0,
NC,S6NC00472,"DANSIE, RICHARD",C00929232,2410.17,1780.0,630.17,630.17,2400.0,2025-12-31T00:00:00,REP,REP,False,,8.0,
NC,S6NC00449,"DUPRE, MARGOT",C00921965,60000.0,51150.0,8850.0,8850.0,60000.0,2026-03-31T00:00:00,REP,REP,False,,5.0,
NC,S6NC00480,"JOHNSON, THOMAS LEE",C00930677,6720.07,4626.94,0.0,0.0,0.0,2026-04-13T00:00:00,REP,REP,False,,7.0,
NC,S6NC00522,"MORROW, MICHELE",C00931956,12713.82,12035.64,678.18,678.18,0.0,2026-03-31T00:00:00,REP,REP,False,,6.0,
NC,S6NC00357,"NILSSON, ROBERT ANDERS MR",C00895615,0.0,52.0,1912.66,1912.66,0.0,2025-11-08T00:00:00,REP,REP,False,,9.0,
NC,S4NC00162,"TILLIS, THOM R SEN",C00545772,4707959.82,3268154.5,3677891.81,3677891.81,0.0,2026-03-31T00:00:00,REP,REP,False,,2.0,
NC,S2NC00307,"WALKER, BRADLEY MARK MR.",C00543231,0.0,0.0,0.0,0.0,0.0,2026-03-31T00:00:00,REP,REP,False,,10.0,
NC,S6NC00415,"WHATLEY, MICHAEL",C00913996,8408717.9,5880375.31,2528342.59,2528342.59,666374.48,2026-03-31T00:00:00,REP,REP,True,highest_total_receipts,1.0,
ND,S2ND00123,"CHRISTIANSEN, KATRINA",C00852467,8432.24,16691.46,0.0,0.0,0.0,2025-06-30T00:00:00,DEM,DEM,False,,2.0,
ND,S2ND00099,"HEITKAMP, HEIDI",C00505552,20099.16,19962.01,0.0,0.0,0.0,2026-03-04T00:00:00,DEM,DEM,True,highest_total_receipts,1.0,
ND,S8ND00120,"CRAMER, KEVIN MR.",C00504704,989847.21,1013079.59,2331656.99,2331656.99,0.0,2026-03-31T00:00:00,REP,REP,True,highest_total_receipts,1.0,
ND,S0ND00093,"HOEVEN, JOHN",C00473371,335530.53,251102.44,651732.04,651732.04,100000.0,2026-03-31T00:00:00,REP,REP,False,,2.0,
NE,S6NE00145,"BURBANK, CINDY",C00941641,4163.0,164.47,3998.53,3998.53,0.0,2026-03-31T00:00:00,DE,OTHER,False,,3.0,
NE,S6NE00160,"FORBES, WILLIAM",C00943969,1000.0,1000.0,0.0,0.0,0.0,2026-04-22T00:00:00,DEM,DEM,True,highest_total_receipts,1.0,
NE,S6NE00095,"NELSON, E BENJAMIN",C00432401,0.0,0.0,3927.22,3927.22,0.0,2026-03-31T00:00:00,DEM,DEM,False,,2.0,
NE,S4NE00207,"OSBORN, DAN",C00901355,3805441.55,2670289.22,1135152.33,1135152.33,10390.48,2026-04-22T00:00:00,IND,OTHER,False,,1.0,
NE,S6NE00152,"MARVIN, MIKE",C00944199,9390.0,5402.53,3987.47,3987.47,4095.0,2026-04-22T00:00:00,OTH,OTHER,False,,2.0,
NE,S2NE00094,"FISCHER, DEBRA S.",C00498907,683790.62,401868.6,307133.85,307133.85,0.0,2026-03-31T00:00:00,REP,REP,False,,2.0,
NE,S6NE00129,"RICKETTS, PETE",C00832436,4866649.16,4281083.75,1072534.52,1072534.52,0.0,2026-04-22T00:00:00,REP,REP,True,highest_total_receipts,1.0,
NE,S4NE00090,"SASSE, BENJAMIN E.",C00547976,11123.65,208769.71,2273266.96,2273266.96,0.0,2026-03-31T00:00:00,REP,REP,False,,3.0,
NH,S6NH00091,"HASSAN, MARGARET WOOD",C00588772,1982475.86,1437212.77,1495997.46,1495997.46,0.0,2026-03-31T00:00:00,DEM,DEM,False,,2.0,
NH,S6NH00182,"MANZUR, KARISHMA",C00916668,114396.4,99741.66,14654.74,14654.74,8416.27,2026-03-31T00:00:00,DEM,DEM,False,,4.0,
NH,S6NH00141,"PAPPAS, CHRIS",C00660464,9860676.34,6044770.26,4223490.31,4223490.31,0.0,2026-03-31T00:00:00,DEM,DEM,True,highest_total_receipts,1.0,
NH,S0NH00219,"SHAHEEN, JEANNE",C00457325,170979.14,706695.58,920368.88,920368.88,0.0,2026-03-31T00:00:00,DEM,DEM,False,,3.0,
NH,S6NH00190,"SULLIVAN, JARED",C00920223,99746.19,60149.95,39696.24,39696.24,0.0,2026-03-31T00:00:00,DEM,DEM,False,,5.0,
NH,S0NH00326,"BOLDUC, DONALD C.",C00711010,0.0,51574.94,0.0,0.0,0.0,2026-03-16T00:00:00,REP,REP,False,,5.0,
NH,S4NH00120,"BROWN, SCOTT",C00560003,114028.05,143001.23,99595.92,99595.92,0.0,2026-03-31T00:00:00,REP,REP,False,,3.0,
NH,S6NH00166,"BROWN, SCOTT P.",C00909622,1664338.14,880952.11,783386.03,783386.03,0.0,2026-03-31T00:00:00,REP,REP,False,,2.0,
NH,S2NH00280,"FENTON, BRUCE",C00816967,0.0,83426.24,0.0,0.0,1724693.76,2025-04-02T00:00:00,REP,REP,False,,6.0,
NH,S6NH00174,"INNIS, DAN",C00912097,48502.53,48502.53,0.0,0.0,0.0,2026-01-25T00:00:00,REP,REP,False,,4.0,
NH,S2NH00272,"MANSHARAMANI, VIKRAM",C00813295,0.0,59387.79,0.0,0.0,0.0,2025-09-07T00:00:00,REP,REP,False,,7.0,
NH,S2NH00231,"SMITH, KEVIN H.",C00800326,0.0,10165.64,0.0,0.0,0.0,2025-12-24T00:00:00,REP,REP,False,,8.0,
NH,S6NH00208,"SUNUNU, JOHN E",C00924092,2475941.37,583037.19,1892904.18,1892904.18,0.0,2026-03-31T00:00:00,REP,REP,True,highest_total_receipts,1.0,
NJ,S8NJ00392,"ANDREWS, ROBERT E",C00448654,58.11,155.0,1177.38,1177.38,114656.39,2026-03-31T00:00:00,DEM,DEM,False,,4.0,
NJ,S4NJ00185,"BOOKER, CORY A.",C00540500,16808282.46,5829198.17,22171570.28,22171570.28,0.0,2026-03-31T00:00:00,DEM,DEM,True,highest_total_receipts,1.0,
NJ,S0NJ00068,"BYRNE, BRENDAN THOMAS JR",C00347591,703955.43,93511.11,1265111.33,1265111.33,0.0,2026-03-31T00:00:00,DEM,DEM,False,,3.0,
NJ,S4NJ00466,"KIM, ANDY",C00648220,1355762.79,895740.35,1081722.52,1081722.52,0.0,2026-03-31T00:00:00,DEM,DEM,False,,2.0,
NJ,S2NJ00080,"LAUTENBERG, FRANK R",C00382457,0.0,2500.0,86927.9,86927.9,0.0,2026-03-31T00:00:00,DEM,DEM,False,,5.0,
NJ,S6NJ00289,"MENENDEZ, ROBERT",C00264564,16661.58,807182.53,7236.24,7236.24,0.0,2026-03-31T00:00:00,IND,OTHER,False,,1.0,
NJ,S4NJ00540,"BASHAW, CURTIS",C00866152,142.39,67787.23,0.0,0.0,0.0,2025-03-31T00:00:00,REP,REP,False,,4.0,
NJ,S6NJ00271,"KEAN, THOMAS H JR",C00410365,0.0,24066.0,384.51,384.51,88000.0,2026-03-31T00:00:00,REP,REP,False,,5.0,
NJ,S6NJ00438,"LEBOVICS, ROBERT",C00941534,101260.25,77955.94,23304.31,23304.31,100000.0,2026-03-31T00:00:00,REP,REP,True,highest_total_receipts,1.0,
NJ,S0NJ00217,"MEHTA, RIKIN",C00722470,0.0,0.0,55.93,55.93,320000.0,2026-03-31T00:00:00,REP,REP,False,,6.0,
NJ,S4NJ00532,"MURPHY, JUSTIN MICHAEL LL.M.",C00865808,9709.03,8246.16,566.81,566.81,7966.96,2026-03-31T00:00:00,REP,REP,False,,2.0,
NJ,S4NJ00441,"SERRANO GLASSNER, CHRISTINE",C00852186,0.0,0.0,0.0,0.0,0.0,2025-04-25T00:00:00,REP,REP,False,,7.0,
NJ,S8NJ00483,"SINGH, HIRSH",C00670737,0.0,0.0,0.0,0.0,0.0,2025-05-07T00:00:00,REP,REP,False,,8.0,
NJ,S0NJ00191,"SINGH, HIRSH V",C00670737,0.0,0.0,0.0,0.0,0.0,2025-05-07T00:00:00,REP,REP,False,,9.0,
NJ,S6NJ00412,"ZDAN, ALEX",C00939132,7378.78,1552.21,5826.57,5826.57,0.0,2026-03-31T00:00:00,REP,REP,False,,3.0,
NJ,S6NJ00131,"ZIMMER, DICK",C00449074,0.0,8199.39,0.0,0.0,0.0,2025-06-19T00:00:00,REP,REP,False,,10.0,
NM,S6NM01145,"DODSON, MATT",C00926444,11843.44,8069.46,3773.98,3773.98,0.0,2026-03-31T00:00:00,DEM,DEM,False,,3.0,
NM,S2NM00088,"HEINRICH, MARTIN",C00434563,1211120.87,1053651.63,477020.39,477020.39,0.0,2026-03-31T00:00:00,DEM,DEM,False,,2.0,
NM,S0NM00058,"LUJAN, BEN RAY",C00443689,4658613.41,1696484.92,4175921.38,4175921.38,0.0,2026-03-31T00:00:00,DEM,DEM,True,highest_total_receipts,1.0,
NM,S0NM00074,"TOULOUSE OLIVER, MAGGIE",C00703256,0.0,75.0,2618.05,2618.05,15312.17,2026-03-31T00:00:00,DEM,DEM,False,,4.0,
NM,S4NM00183,"DOMENICI, NELLA LOUISE LOUISE",C00865956,2535.8,70693.82,3499.55,3499.55,2800000.0,2026-03-31T00:00:00,REP,REP,True,highest_total_receipts,1.0,
NM,S0NM00116,"SANCHEZ, LOUIE J",C00732693,0.0,6080.66,0.0,0.0,0.0,2025-06-30T00:00:00,REP,REP,False,,2.0,
NV,S6NV00200,"CORTEZ MASTO, CATHERINE",C00575548,1842748.74,1999039.34,3339755.42,3339755.42,0.0,2026-03-31T00:00:00,DEM,DEM,True,highest_total_receipts,1.0,
NV,S6NV00234,"MAHENDRA, SUJEET BOBBY NARENDRA",C00608240,0.0,0.0,2976.47,2976.47,32000.0,2026-03-31T00:00:00,DEM,DEM,False,,3.0,
NV,S8NV00156,"ROSEN, JACKY",C00606939,1201412.28,1965602.58,1015905.5,1015905.5,0.0,2026-03-31T00:00:00,DEM,DEM,False,,2.0,
NV,S4NV00379,"CUNNINGHAM, CHRIS",C00867622,0.0,0.0,0.0,0.0,0.0,2025-03-31T00:00:00,LIB,OTHER,False,,1.0,
NV,S2NV00308,"BROWN, SAM",C00845032,256505.31,117921.69,402179.89,402179.89,0.0,2026-03-31T00:00:00,REP,REP,True,highest_total_receipts,1.0,
NV,S4NV00312,"GRADY, TONY",C00847582,0.0,0.0,97.37,97.37,0.0,2026-03-31T00:00:00,REP,REP,False,,3.0,
NV,S4NV00304,"GUNTER, JEFF DR",C00847418,2047.52,1207.62,8264.3,8264.3,2763394.15,2026-03-31T00:00:00,REP,REP,False,,2.0,
NV,S2NV00332,"HOCKSTEDLER, WILLIAM ERIC",C00787689,0.0,11627.0,500.55,500.55,2530.62,2025-02-18T00:00:00,REP,REP,False,,4.0,
NV,S2NV00324,"LAXALT, ADAM",C00787135,0.0,34071.2,223564.37,223564.37,0.0,2026-03-31T00:00:00,REP,REP,False,,5.0,
NV,S4NV00270,"MARCHANT, JIM",C00839563,0.0,0.0,0.0,0.0,0.0,2025-09-30T00:00:00,REP,REP,False,,6.0,
NY,S0NY00188,"CLINTON, HILLARY RODHAM",C00358895,0.0,22343.44,0.0,0.0,0.0,2025-06-30T00:00:00,DEM,DEM,False,,3.0,
NY,S0NY00410,"GILLIBRAND, KIRSTEN",C00413914,2198878.25,946803.49,1967801.67,1967801.67,0.0,2026-03-31T00:00:00,DEM,DEM,True,highest_total_receipts,1.0,
NY,S4NY00271,"SALEM, KHALED",C00749226,0.0,0.0,0.0,0.0,0.0,2026-03-31T00:00:00,DEM,DEM,False,,4.0,
NY,S0NY00667,"SALEM, KHALED MR",C00749226,0.0,0.0,0.0,0.0,0.0,2026-03-31T00:00:00,DEM,DEM,False,,5.0,
NY,S8NY00082,"SCHUMER, CHARLES E.",C00346312,800587.42,1872989.12,8251229.86,8251229.86,0.0,2026-03-31T00:00:00,DEM,DEM,False,,2.0,
NY,S2NY00325,"SARE, DIANE WILSON MS",C00751826,2442.86,4387.94,4225.06,4225.06,0.0,2026-03-27T00:00:00,IND,OTHER,False,,1.0,
NY,S4NY00313,"BELLON, DAVID A. ESQ.",C00835199,0.0,0.0,6334.67,6334.67,0.0,2026-03-31T00:00:00,REP,REP,False,,2.0,
NY,S2NY00499,"PINION, JOSEPH III",C00800268,0.0,0.0,611.53,611.53,78576.15,2026-03-31T00:00:00,REP,REP,False,,3.0,
NY,S4NY00404,"SAPRAICONE, MICHAEL",C00846451,12698.81,59138.57,7935.98,7935.98,615250.0,2026-03-31T00:00:00,REP,REP,True,highest_total_receipts,1.0,
NY,S6NY00243,"SPENCER, JOHN D",C00412817,0.0,0.0,679.14,679.14,239112.0,2025-03-31T00:00:00,REP,REP,False,,4.0,
NY,S0NY00550,"TOWNSEND, JAY",C00482216,0.0,0.0,0.0,0.0,108845.1,2026-03-31T00:00:00,REP,REP,False,,5.0,
OH,S6OH00163,"BROWN, SHERROD",C00916288,25979968.48,8951326.24,17028642.24,17028642.24,0.0,2026-04-15T00:00:00,DEM,DEM,True,highest_total_receipts,1.0,
OH,S6OH00155,"HACKETT, PAUL III",C00415745,11229.92,4523.33,13898.22,13898.22,104362.14,2026-03-31T00:00:00,DEM,DEM,False,,5.0,
OH,S6OH00361,"KINCAID, RONALD E JR",C00913038,42800.15,45272.47,19090.5,19090.5,23810.07,2026-04-15T00:00:00,DEM,DEM,False,,4.0,
OH,S6OH00387,"ODE, FREDERICK J",C00917146,5001938.61,4970194.22,31744.39,31744.39,2185.5,2026-03-31T00:00:00,DEM,DEM,False,,2.0,
OH,S2OH00402,"RYAN, TIMOTHY",C00777771,78474.14,101435.41,-22197.22,-22197.22,0.0,2026-03-31T00:00:00,DEM,DEM,False,,3.0,
OH,S6OH00353,"VOLPE, CHRISTOPHER",C00907303,4337.18,4168.88,168.3,168.3,0.0,2026-02-15T00:00:00,DEM,DEM,False,,6.0,
OH,S8OH00144,"FARIS, STEPHEN I MR",C00688465,1925.24,1900.96,155.94,155.94,0.0,2026-03-31T00:00:00,IND,OTHER,False,,3.0,
OH,S6OH00395,"LEVY, GREGORY LEE",C00918839,57814.65,27570.96,31998.93,31998.93,0.0,2026-04-15T00:00:00,IND,OTHER,False,,1.0,
OH,S6OH00429,"REDPATH, WILLIAM",C00937300,17715.38,17071.85,643.53,643.53,5000.0,2026-04-15T00:00:00,LIB,OTHER,False,,2.0,
OH,S2OH00477,"DOLAN, MATT",C00831636,908.1,67501.81,46540.41,46540.41,12697000.0,2026-03-31T00:00:00,REP,REP,False,,6.0,
OH,S6OH00304,"HUSTED, JON",C00896019,10518818.26,2357657.71,8161160.55,8161160.55,0.0,2026-04-15T00:00:00,REP,REP,True,highest_total_receipts,1.0,
OH,S4OH00200,"LAROSE, FRANK",C00845735,11500.0,17778.5,12271.63,12271.63,10600.0,2026-03-31T00:00:00,REP,REP,False,,5.0,
OH,S2OH00170,"MANDEL, JOSHUA A.",C00494930,263.82,9258.2,-27323.62,-27323.62,122480.92,2026-03-31T00:00:00,REP,REP,False,,7.0,
OH,S4OH00192,"MORENO, BERNIE",C00837484,2277695.94,2187219.18,468796.47,468796.47,7039894.14,2026-03-31T00:00:00,REP,REP,False,,2.0,
OH,S0OH00133,"PORTMAN, ROB THE HONORA",C00458463,48198.31,153305.38,2561272.12,2561272.12,0.0,2026-03-31T00:00:00,REP,REP,False,,4.0,
OH,S2OH00287,"PUKITA, MARK MR.",C00722207,0.0,6179.85,-436341.92,-436341.92,463764.11,2026-03-31T00:00:00,REP,REP,False,,8.0,
OH,S2OH00360,"TIMKEN, JANE",C00769745,0.0,655.51,4919.39,4919.39,4060000.0,2026-03-31T00:00:00,REP,REP,False,,9.0,
OH,S2OH00436,"VANCE, J D",C00783142,194273.77,139528.56,190376.77,190376.77,42000.0,2026-03-31T00:00:00,REP,REP,False,,3.0,
OK,S6OK04171,"GREEN, TROY WESLEY",C00918607,22600.36,15373.35,7227.01,7227.01,0.0,2026-03-31T00:00:00,DEM,DEM,False,,3.0,
OK,S6OK04197,"PRIEST, JIM",C00933051,203272.5,68438.0,134834.5,134834.5,50000.0,2026-03-31T00:00:00,DEM,DEM,True,highest_total_receipts,1.0,
OK,S6OK04163,"THOMAS, N'KIYLA JASMINE - ANN",C00899559,39009.15,36270.6,3674.89,3674.89,0.0,2026-03-31T00:00:00,DEM,DEM,False,,2.0,
OK,S6OK04205,"MEINHARDT, RON",C00939058,6187.6,3737.48,2450.12,2450.12,0.0,2026-03-31T00:00:00,IND,OTHER,False,,1.0,
OK,S6OK04247,"HERN, KEVIN",C00943142,8284047.86,67761.21,8216286.65,8216286.65,5050000.0,2026-03-31T00:00:00,REP,REP,True,highest_total_receipts,1.0,
OK,S2OK00194,"HOLLAND, LUCAS",C00806935,692.06,968.49,0.0,0.0,167140.16,2026-03-31T00:00:00,REP,REP,False,,4.0,
OK,S4OK00232,"LANKFORD, JAMES PAUL",C00466482,788822.95,458943.73,2667917.48,2667917.48,0.0,2026-03-31T00:00:00,REP,REP,False,,3.0,
OK,S2OK00186,"MULLIN, MARKWAYNE",C00498345,3181183.59,1003117.36,2361083.02,2361083.02,25400.39,2026-03-31T00:00:00,REP,REP,False,,2.0,
OK,S6OK04262,"RAGAIN, BRIAN MATTHEW",C00945121,0.0,0.0,0.0,0.0,0.0,2026-03-31T00:00:00,REP,REP,False,,5.0,
OK,S2OK00210,"SHANNON, T.W.",C00808360,0.0,901.0,0.0,0.0,0.0,2025-02-05T00:00:00,REP,REP,False,,6.0,
OR,S8OR00207,"MERKLEY, JEFFREY ALAN",C00437277,3798075.34,1484895.87,6580178.12,6580178.12,0.0,2026-03-31T00:00:00,DEM,DEM,True,highest_total_receipts,1.0,
OR,S6OR00110,"WYDEN, RONALD L.",C00308676,1199347.07,1554121.79,1415984.72,1415984.72,0.0,2026-03-31T00:00:00,DEM,DEM,False,,2.0,
OR,S4OR00156,"PERKINS, JO RAE",C00932558,5185.34,3959.78,1286.97,1286.97,0.0,2026-03-31T00:00:00,REP,REP,False,,2.0,
OR,S6OR05218,"SMITH, DAVID BROCK",C00941559,24083.96,288.96,23795.0,23795.0,28234.62,2026-03-31T00:00:00,REP,REP,True,highest_total_receipts,1.0,
PA,S6PA00217,"CASEY, ROBERT P. JR.",C00431056,646277.42,782180.63,859136.77,859136.77,0.0,2026-03-31T00:00:00,DEM,DEM,False,,3.0,
PA,S6PA00274,"FETTERMAN, JOHN KARL",C00765800,1962346.71,2280352.2,1996681.1,1996681.1,22281.12,2026-03-31T00:00:00,DEM,DEM,True,highest_total_receipts,1.0,
PA,S4PA00287,"FORKNER, WILLIAM",C00848002,0.0,0.0,195.22,195.22,0.0,2025-04-15T00:00:00,DEM,DEM,False,,4.0,
PA,S2PA00448,"STREET, SHARIF",C00774844,899446.48,688708.32,263296.68,263296.68,6002.5,2026-03-31T00:00:00,DEM,DEM,False,,2.0,
PA,S8PA00270,"CHRISTIANA, JAMES JOSEPH III",C00638304,0.0,0.0,1889.07,1889.07,37900.0,2026-03-31T00:00:00,REP,REP,False,,3.0,
PA,S2PA00661,"MCCORMICK, DAVE",C00851980,4117088.57,3966656.65,731455.65,731455.65,6828883.23,2026-03-31T00:00:00,REP,REP,True,highest_total_receipts,1.0,
PA,S2PA00638,"OZ, MEHMET DR",C00795930,657.0,14273.5,54310.78,54310.78,25513728.81,2026-03-31T00:00:00,REP,REP,False,,2.0,
RI,S6RI00270,"BURBRIDGE, CONNOR",C00902601,10434.82,9568.62,866.2,866.2,0.0,2026-03-31T00:00:00,DEM,DEM,False,,3.0,
RI,S6RI00163,"REED, JOHN F.",C00238907,2602598.5,761309.2,3429481.34,3429481.34,0.0,2026-03-31T00:00:00,DEM,DEM,True,highest_total_receipts,1.0,
RI,S4RI00069,"WATERS, ALLEN",C00830661,0.0,345.26,1543.71,1543.71,0.0,2025-03-31T00:00:00,DEM,DEM,False,,4.0,
RI,S6RI00221,"WHITEHOUSE, SHELDON",C00410803,431343.76,579233.4,1117498.08,1117498.08,0.0,2026-03-31T00:00:00,DEM,DEM,False,,2.0,
RI,S4RI00051,"MCKAY, RAYMOND TYLER MR",C00827964,139874.63,127794.47,12418.69,12418.69,689.51,2026-03-31T00:00:00,REP,REP,True,highest_total_receipts,1.0,
RI,S4RI00085,"MORGAN, PATRICIA L",C00846014,0.0,0.0,0.0,0.0,41627.71,2025-03-31T00:00:00,REP,REP,False,,2.0,
RI,S6RI00262,"WATERS, ALLEN",C00830661,0.0,345.26,1543.71,1543.71,0.0,2025-03-31T00:00:00,REP,REP,False,,3.0,
SC,S6SC04239,"ANDREWS, ANNIE",C00906024,6519295.74,3880008.35,2639287.39,2639287.39,15688.47,2026-03-31T00:00:00,DEM,DEM,True,highest_total_receipts,1.0,
SC,S6SC04270,"BROWN, BRANDON",C00911149,69568.6,20369.01,0.0,0.0,0.0,2026-09-30T00:00:00,DEM,DEM,False,,3.0,
SC,S2SC00145,"BRUCE, CATHERINE FLEMING MS.",C00798827,0.0,0.0,5030.29,5030.29,0.0,2025-09-30T00:00:00,DEM,DEM,False,,6.0,
SC,S6SC04197,"FREEMAN, KYLE ODONNELL",C00888479,42972.0,42639.43,1235.87,1235.87,35940.2,2026-03-31T00:00:00,DEM,DEM,False,,4.0,
SC,S0SC00289,"HARRISON, JAIME",C00696153,34199.09,507792.81,234507.96,234507.96,0.0,2026-03-31T00:00:00,DEM,DEM,False,,5.0,
SC,S6SC04288,"JOHNSON, LEE",C00902981,569185.56,569185.56,0.0,0.0,224574.29,2025-12-31T00:00:00,DEM,DEM,False,,2.0,
SC,S6SC04353,"LOUIS, DONAVAN ARTHUR MR",C00936278,2605.0,2605.0,0.0,0.0,0.0,2026-03-31T00:00:00,IND,OTHER,False,,2.0,
SC,S6SC04247,"WHITENER, KASIE DR.",C00907709,14477.52,9835.45,4642.07,4642.07,893.5,2026-03-31T00:00:00,LIB,OTHER,False,,1.0,
SC,S6SC04262,"BAUER, ANDRE",C00909929,216272.42,216272.42,0.0,0.0,0.0,2025-12-01T00:00:00,REP,REP,False,,5.0,
SC,S6SC04296,"DANS, PAUL",C00913624,1011421.12,565237.47,446183.65,446183.65,684665.96,2026-03-31T00:00:00,REP,REP,False,,4.0,
SC,S6SC04361,"DISMUKES, THOMAS KEITH",C00943746,14935.0,13125.0,1810.0,1810.0,0.0,2026-03-31T00:00:00,REP,REP,False,,7.0,
SC,S0SC00149,"GRAHAM, LINDSEY O.",C00458828,5928622.17,9938630.67,11613608.79,11613608.79,0.0,2026-03-31T00:00:00,REP,REP,True,highest_total_receipts,1.0,
SC,S6SC04346,"HERRMANN, PATRICK JOSEPH",C00940239,15467.37,3384.1,12083.27,12083.27,0.0,2026-03-31T00:00:00,REP,REP,False,,6.0,
SC,S6SC04189,"HOLLIMAN, ETHAN CLAY",C00865642,0.0,0.0,0.0,0.0,10000.0,2025-12-31T00:00:00,REP,REP,False,,8.0,
SC,S6SC04213,"LYNCH, MARK",C00897140,5726191.16,2398855.44,3327335.72,3327335.72,5050000.0,2026-03-31T00:00:00,REP,REP,False,,2.0,
SC,S4SC00240,"SCOTT, TIMOTHY E.",C00540302,4407149.25,5156351.59,4968320.21,4968320.21,0.0,2026-03-31T00:00:00,REP,REP,False,,3.0,
SD,S6SD01125,"BEAUDION, JULIAN C",C00901694,192473.04,185994.34,6478.7,6478.7,14458.22,2026-03-31T00:00:00,DEM,DEM,True,highest_total_receipts,1.0,
SD,S6SD01117,"BENGS, BRIAN",C00903641,564715.66,511174.82,53540.84,53540.84,0.0,2026-03-31T00:00:00,IND,OTHER,False,,1.0,
SD,S6SD01133,"MCNEAL, JUSTIN S",C00924514,1555.13,11.24,1543.89,1543.89,9602.39,2026-03-31T00:00:00,REP,REP,False,,3.0,
SD,S4SD00049,"ROUNDS, MIKE",C00532465,2432353.99,1365508.33,2936874.73,2936874.73,0.0,2026-03-31T00:00:00,REP,REP,False,,2.0,
SD,S2SD00068,"THUNE, JOHN R.",C00409581,3459924.82,1452615.44,17391646.65,17391646.65,0.0,2026-03-31T00:00:00,REP,REP,True,highest_total_receipts,1.0,
TN,S0TN00342,"BRADSHAW, MARQUITA",C00846048,881.21,511.27,448.59,448.59,0.0,2026-03-31T00:00:00,DEM,DEM,False,,2.0,
TN,S4TN00500,"FAIN, DYLAN LEE MR. N/A",C00794974,0.0,0.0,0.0,0.0,0.0,2026-04-22T00:00:00,DEM,DEM,False,,3.0,
TN,S4TN00526,"JOHNSON, GLORIA",C00847400,6530.28,64828.83,84186.16,84186.16,0.0,2026-03-31T00:00:00,DEM,DEM,True,highest_total_receipts,1.0,
TN,S8TN00311,"MACKLER, JAMES",C00637850,0.0,5000.0,24570.91,24570.91,0.0,2026-03-31T00:00:00,DEM,DEM,False,,4.0,
TN,S8TN00337,"BLACKBURN, MARSHA MRS.",C00376939,2753251.3,2830269.25,5061596.83,5061596.83,0.0,2026-03-31T00:00:00,REP,REP,False,,2.0,
TN,S0TN00201,"BUSH, BYRON",C00725846,0.0,0.0,36789.79,36789.79,373000.0,2025-09-30T00:00:00,REP,REP,False,,6.0,
TN,S6TN00216,"CORKER, ROBERT P JR",C00430462,975779.61,252814.93,8508490.28,8508490.28,0.0,2026-03-31T00:00:00,REP,REP,False,,3.0,
TN,S8TN00352,"FINCHER, STEPHEN",C00466854,41094.5,25292.1,1290626.87,1290626.87,0.0,2026-03-31T00:00:00,REP,REP,False,,4.0,
TN,S0TN00169,"HAGERTY, BILL",C00718627,5880481.66,2133071.28,5674879.45,5674879.45,0.0,2026-03-31T00:00:00,REP,REP,True,highest_total_receipts,1.0,
TN,S0TN00219,"PRESLEY, JOHNNY W",C00730689,0.0,5000.0,17684.97,17684.97,27000.0,2026-03-31T00:00:00,REP,REP,False,,7.0,
TN,S0TN00144,"SETHI, DR. MANNY",C00708628,39.02,0.0,1816.85,1816.85,2472311.47,2026-03-31T00:00:00,REP,REP,False,,5.0,
TX,S4TX00722,"ALLRED, COLIN",C00909572,7462453.11,7459793.1,2660.01,2660.01,0.0,2026-03-31T00:00:00,DEM,DEM,False,,3.0,
TX,S6TX00552,"CROCKETT, JASMINE",C00929901,11092295.26,10459209.13,633086.13,633086.13,0.0,2026-03-31T00:00:00,DEM,DEM,False,,2.0,
TX,S4TX00755,"GUTIERREZ, ROLAND",C00844977,0.0,90.0,294.83,294.83,0.0,2026-03-31T00:00:00,DEM,DEM,False,,8.0,
TX,S0TX00233,"HEGAR, MARY JENNINGS MJ",C00649350,0.0,714.95,-197.7,-197.7,0.0,2026-03-31T00:00:00,DEM,DEM,False,,9.0,
TX,S0TX00308,"LOVE, JOHN BENARD III",C00720573,110.64,7526.87,4541.92,4541.92,0.0,2026-03-31T00:00:00,DEM,DEM,False,,6.0,
TX,S4TX00607,"RODRIGUEZ-PRILLIMAN, HELI",C00817692,6323.6,2232.08,1970.65,1970.65,41877.0,2026-03-31T00:00:00,DEM,DEM,False,,5.0,
TX,S4TX00805,"SHERMAN, CARL OSCAR SR.",C00850461,0.0,0.0,11360.43,11360.43,4511.0,2026-03-31T00:00:00,DEM,DEM,False,,10.0,
TX,S6TX00396,"SWANSON, MICHAEL",C00902551,6991.29,6991.29,0.0,0.0,4000.0,2025-09-30T00:00:00,DEM,DEM,False,,4.0,
TX,S6TX00479,"TALARICO, JAMES",C00919084,40284109.15,30425243.8,9858865.35,9858865.35,0.0,2026-03-31T00:00:00,DEM,DEM,True,highest_total_receipts,1.0,
TX,S8TX00459,"TZINTZUN RAMIREZ, CRISTINA",C00715409,32.62,21809.72,530.0,530.0,0.0,2026-03-31T00:00:00,DEM,DEM,False,,7.0,
TX,S4TX00698,"MCQUEEN, ELDON DANIEL",C00715896,0.0,0.0,1622.84,1622.84,10000.0,2026-03-31T00:00:00,IDP,OTHER,False,,3.0,
TX,S4TX00888,"BROWN, THEODORE E. JR.",C00857623,6200.0,5257.79,1010.09,1010.09,0.0,2026-03-31T00:00:00,LIB,OTHER,False,,2.0,
TX,S6TX00586,"SIMS, DANIEL M",C00933440,11615.57,8020.04,3695.53,3695.53,0.0,2026-03-31T00:00:00,LIB,OTHER,False,,1.0,
TX,S6TX00305,"ALLEN, KEITH",C00886291,156626.79,157571.33,0.0,0.0,0.0,2026-03-31T00:00:00,REP,REP,False,,6.0,
TX,S6TX00560,"BENDER, ANNA",C00930131,0.0,0.0,0.0,0.0,5721.45,2026-03-31T00:00:00,REP,REP,False,,12.0,
TX,S0TX00365,"BIERSCHWALE, VIRGIL",C00908087,9988.18,9657.03,383.2,383.2,0.0,2026-03-16T00:00:00,REP,REP,False,,8.0,
TX,S6TX00545,"CANADY, SARA LARUE",C00929406,770.0,7490.84,-429.81,-429.81,0.0,2026-03-31T00:00:00,REP,REP,False,,10.0,
TX,S2TX00106,"CORNYN, JOHN SEN",C00369033,7234490.25,6434691.52,4922081.39,4922081.39,0.0,2026-03-31T00:00:00,REP,REP,False,,2.0,
TX,S2TX00312,"CRUZ, RAFAEL EDWARD  TED",C00492785,8266381.4,7469079.02,2584009.58,2584009.58,0.0,2026-03-31T00:00:00,REP,REP,True,highest_total_receipts,1.0,
TX,S6TX00511,"HUNT, WESLEY",C00701003,2071561.67,4526166.01,32571.82,32571.82,96496.9,2026-03-31T00:00:00,REP,REP,False,,4.0,
TX,S4TX00672,"INGALLS, JOSIAH JAMES",C00829135,20.0,35.0,20.0,20.0,0.0,2026-03-31T00:00:00,REP,REP,False,,11.0,
TX,S6TX00362,"KHAN, GULREZ",C00899294,10593.07,11238.76,-645.69,-645.69,3800.0,2026-03-31T00:00:00,REP,REP,False,,7.0,
TX,S6TX00347,"MCNABB, BARRETT ANTHONY",C00897819,381517.07,373686.25,7830.82,7830.82,237130.0,2026-03-31T00:00:00,REP,REP,False,,5.0,
TX,S6TX00388,"PAXTON, WARREN KENNETH JR.",C00901918,7007950.84,4861414.33,2146536.51,2146536.51,0.0,2026-03-31T00:00:00,REP,REP,False,,3.0,
TX,S6TX00321,"SCHMOKER, TONY",C00894907,2500.0,3106.71,0.0,0.0,0.0,2025-12-31T00:00:00,REP,REP,False,,9.0,
UT,S4UT00308,"GLEICH, CAROLINE",C00865253,0.0,24810.26,0.0,0.0,0.0,2025-02-20T00:00:00,DEM,DEM,True,highest_total_receipts,1.0,
UT,S2UT00377,"HAMBLIN, LAIRD",C00797779,0.0,0.0,122.92,122.92,0.0,2026-03-31T00:00:00,DEM,DEM,False,,2.0,
UT,S4UT00282,"CURTIS, JOHN",C00647339,622121.94,748290.0,662514.6,662514.6,0.0,2026-03-31T00:00:00,REP,REP,False,,2.0,
UT,S8UT00242,"KENNEDY, MIKE",C00674358,0.0,0.0,0.0,0.0,422543.19,2026-03-31T00:00:00,REP,REP,False,,4.0,
UT,S0UT00165,"LEE, MIKE",C00473827,2047902.2,2110270.85,846399.24,846399.24,0.0,2026-03-31T00:00:00,REP,REP,True,highest_total_receipts,1.0,
UT,S8UT00176,"ROMNEY, WILLARD MITT MR",C00670695,32247.59,151866.52,421827.36,421827.36,0.0,2026-03-31T00:00:00,REP,REP,False,,3.0,
UT,S2UT00369,"MCMULLIN, DAVID EVAN",C00790733,0.0,22947.15,149610.18,149610.18,0.0,2026-03-31T00:00:00,UN,OTHER,False,,1.0,
VA,S6VA00184,"DANIELS, LORITA DR.",C00925453,54994.61,46430.84,8563.77,8563.77,45375.17,2026-03-31T00:00:00,DEM,DEM,False,,3.0,
VA,S6VA00192,"EICHELBERGER, GREGORY",C00925610,5697.72,5697.72,0.0,0.0,0.0,2026-01-15T00:00:00,DEM,DEM,False,,4.0,
VA,S2VA00142,"KAINE, TIMOTHY MICHAEL",C00495358,724073.43,1259593.88,2263989.55,2263989.55,0.0,2026-03-31T00:00:00,DEM,DEM,False,,2.0,
VA,S6VA00093,"WARNER, MARK ROBERT",C00438713,14719667.27,5667867.07,14605034.02,14605034.02,0.0,2026-03-31T00:00:00,DEM,DEM,True,highest_total_receipts,1.0,
VA,S4VA00353,"CAO, HUNG",C00802488,9935.86,194157.15,223584.34,223584.34,0.0,2026-03-31T00:00:00,REP,REP,False,,6.0,
VA,S6VA00226,"DE PAULA, ALEX",C00937904,5675.01,4000.0,1675.01,1675.01,5500.0,2026-03-31T00:00:00,REP,REP,False,,8.0,
VA,S4VA00247,"EMORD, JONATHAN WALKER MR.",C00832253,7359.47,7359.47,0.0,0.0,0.0,2025-10-10T00:00:00,REP,REP,False,,7.0,
VA,S6VA00143,"FARINGTON, KIM",C00893099,121987.69,99465.72,22740.55,22740.55,89000.0,2026-03-31T00:00:00,REP,REP,False,,2.0,
VA,S4VA00239,"GARCIA, EDWARD",C00830026,0.0,40.5,4026.09,4026.09,162089.92,2026-03-31T00:00:00,REP,REP,False,,9.0,
VA,S8VA00321,"MIZUSAWA, BERT K",C00934265,192041.22,136636.24,55404.98,55404.98,0.0,2026-03-31T00:00:00,REP,REP,True,highest_total_receipts,1.0,
VA,S4VA00312,"PARKINSON, SCOTT THOMAS",C00836569,0.0,7017.34,0.0,0.0,0.0,2025-05-05T00:00:00,REP,REP,False,,10.0,
VA,S8VA00305,"RAIKLIN, IVAN ERIC",C00653790,0.0,0.0,318.78,318.78,98234.58,2026-03-31T00:00:00,REP,REP,False,,11.0,
VA,S6VA00176,"REEVES, BRYCE",C00921593,106324.12,106324.12,0.0,0.0,0.0,2026-03-31T00:00:00,REP,REP,False,,3.0,
VA,S4VA00197,"SMITH, C.L. CHUCK JR",C00932962,40468.14,30139.61,10328.53,10328.53,6000.0,2026-03-31T00:00:00,REP,REP,False,,5.0,
VA,S4VA00338,"VITIELLO, RON",C00840140,0.0,40.0,4620.03,4620.03,200.0,2026-03-31T00:00:00,REP,REP,False,,12.0,
VA,S6VA00200,"WILLIAMS, DAVID EARL MR.",C00927178,50555.94,43964.19,6591.75,6591.75,16000.0,2026-03-31T00:00:00,REP,REP,False,,4.0,
VT,S2VT00334,"EVANS-FRANTZ, ISAAC",C00811182,0.0,2486.5,9588.48,9588.48,0.0,2026-03-31T00:00:00,DEM,DEM,False,,2.0,
VT,S4VT00017,"LEAHY, PATRICK J",C00068353,0.0,95417.48,26151.87,26151.87,0.0,2026-03-31T00:00:00,DEM,DEM,False,,3.0,
VT,S2VT00235,"WELCH, PETER",C00795252,153598.18,234438.17,1632412.01,1632412.01,0.0,2026-03-31T00:00:00,DEM,DEM,True,highest_total_receipts,1.0,
VT,S4VT00033,"SANDERS, BERNARD",C00411330,23468953.69,11332584.7,22877129.65,22877129.65,0.0,2026-03-31T00:00:00,IND,OTHER,False,,1.0,
VT,S2VT00292,"MALLOY, GERALD",C00809699,17908.37,33121.62,5821.38,5821.38,0.0,2026-03-31T00:00:00,REP,REP,True,highest_total_receipts,1.0,
WA,S8WA00194,"CANTWELL, MARIA",C00349506,671716.74,1147976.64,134951.29,134951.29,2071350.9,2026-03-31T00:00:00,DEM,DEM,False,,2.0,
WA,S2WA00189,"MURRAY, PATTY",C00257642,2232288.58,1548499.77,1567249.95,1567249.95,0.0,2026-03-31T00:00:00,DEM,DEM,True,highest_total_receipts,1.0,
WA,S0WA00258,"CODAY, ARTHUR JR MD",C00471482,0.0,0.0,552.56,552.56,21297.82,2026-03-31T00:00:00,REP,REP,False,,3.0,
WA,S4WA00581,"GARCIA, DR RAUL",C00844688,0.0,0.0,0.0,0.0,0.0,2025-01-02T00:00:00,REP,REP,False,,4.0,
WA,S2WA00460,"HOLYK, ISAAC A",C00813261,1077.63,1024.51,106.0,106.0,0.0,2026-03-31T00:00:00,REP,REP,False,,2.0,
WA,S2WA00387,"SMILEY, TIFFANY",C00776765,126915.56,416902.89,0.0,0.0,0.0,2025-12-31T00:00:00,REP,REP,True,highest_total_receipts,1.0,
WI,S2WI00219,"BALDWIN, TAMMY",C00326801,2354257.76,1812160.5,567364.11,567364.11,0.0,2026-03-31T00:00:00,DEM,DEM,True,highest_total_receipts,1.0,
WI,S2WI00441,"BARNES, MANDELA",C00784959,147246.44,422420.81,18642.69,18642.69,0.0,2026-03-31T00:00:00,DEM,DEM,False,,2.0,
WI,S2WI00342,"LASRY, ALEX",C00769604,0.0,951.0,22482.85,22482.85,14035000.0,2026-03-31T00:00:00,DEM,DEM,False,,4.0,
WI,S2WI00458,"LEWIS, CHANTIA",C00785063,0.0,0.0,158.49,158.49,0.0,2026-03-31T00:00:00,DEM,DEM,False,,5.0,
WI,S2WI00383,"OLIKARA, STEVEN",C00780437,2526.88,7395.8,56221.54,56221.54,0.0,2026-03-31T00:00:00,DEM,DEM,False,,3.0,
WI,S2WI00417,"PECKARSKY, PETER",C00783365,0.0,2303.29,0.0,0.0,308361.76,2025-03-31T00:00:00,DEM,DEM,False,,6.0,
WI,S4WI00280,"LEAGER, THOMAS CHARLES MR.",C00875021,0.0,0.0,175.54,175.54,121.0,2025-09-30T00:00:00,IND,OTHER,False,,1.0,
WI,S4WI00256,"HOVDE, ERIC",C00870139,-1746.35,123449.91,10163.54,10163.54,20000000.0,2026-03-31T00:00:00,REP,REP,False,,2.0,
WI,S2WI00268,"HOVDE, ERIC D",C00870139,-1746.35,123449.91,10163.54,10163.54,20000000.0,2026-03-31T00:00:00,REP,REP,False,,3.0,
WI,S0WI00197,"JOHNSON, RON HAROLD MR.",C00482984,974410.87,669021.88,1213434.75,1213434.75,8027316.94,2026-03-31T00:00:00,REP,REP,True,highest_total_receipts,1.0,
WV,S4WV00399,"ELLIOTT, GLENN FREDERICK MR. JR.",C00864819,0.0,0.0,0.0,0.0,0.0,2025-03-24T00:00:00,DEM,DEM,False,,5.0,
WV,S6WV00188,"FETTY ANDERSON, RACHEL LEE",C00932459,18927.28,10017.1,15906.81,15906.81,0.0,2026-03-31T00:00:00,DEM,DEM,False,,3.0,
WV,S6WV00196,"KESSLER, JEFFREY VINCENT",C00937854,51836.53,15880.23,35956.3,35956.3,20000.0,2026-04-22T00:00:00,DEM,DEM,False,,2.0,
WV,S0WV00090,"MANCHIN, JOE III",C00486563,-15924.15,8456437.11,0.0,0.0,0.0,2025-07-31T00:00:00,DEM,DEM,False,,7.0,
WV,S6WV00170,"PHILLIPS, RIO",C00906396,13776.25,13624.35,151.9,151.9,0.0,2026-04-22T00:00:00,DEM,DEM,False,,4.0,
WV,S4WV00357,"SHREWSBURY, ZACHARY C",C00853242,498538.98,490415.75,8123.23,8123.23,25970.56,2026-04-22T00:00:00,DEM,DEM,True,highest_total_receipts,1.0,
WV,S0WV00215,"SWEARENGIN, PAULA JEAN",C00708891,0.0,4472.7,11306.4,11306.4,0.0,2026-03-31T00:00:00,DEM,DEM,False,,6.0,
WV,S4WV00159,"CAPITO, SHELLEY MOORE",C00539825,3906185.63,2152797.56,4064753.28,4064753.28,0.0,2026-04-22T00:00:00,REP,REP,True,highest_total_receipts,1.0,
WV,S6WV00147,"EVANS, JONATHAN DERRICK",C00832154,1215521.63,1171561.84,104890.57,104890.57,0.0,2026-04-22T00:00:00,REP,REP,False,,2.0,
WV,S6WV00154,"GAASERUD, ALEXANDER",C00885459,3000.0,1740.0,1260.0,1260.0,3000.0,2026-03-31T00:00:00,REP,REP,False,,6.0,
WV,S8WV00127,"JENKINS, EVAN H",C00548271,0.0,0.0,10.26,10.26,600.0,2026-03-31T00:00:00,REP,REP,False,,8.0,
WV,S4WV00332,"JUSTICE, JAMES CONLEY II",C00839100,70725.29,532053.83,232612.03,232612.03,0.0,2026-03-31T00:00:00,REP,REP,False,,4.0,
WV,S4WV00407,"MCNULTY, JANET",C00866962,5775.28,5775.28,0.0,0.0,,2026-04-22T00:00:00,REP,REP,False,,5.0,
WV,S4WV00324,"MOONEY, ALEXANDER X",C00828475,3.68,9307.48,0.0,0.0,0.0,2025-06-30T00:00:00,REP,REP,False,,7.0,
WV,S6WV00162,"WILLIS, THOMAS EDWARD II",C00905851,496222.44,439153.27,57069.17,57069.17,172984.0,2026-04-22T00:00:00,REP,REP,False,,3.0,
WY,S6WY00217,"BYRD, JAMES WILLARD MR.",C00938738,9653.0,8319.97,1822.79,1822.79,0.0,2026-03-31T00:00:00,DEM,DEM,True,highest_total_receipts,1.0,
WY,S4WY00188,"MORROW, SCOTT D MR",C00881300,0.0,0.0,834.37,834.37,0.0,2026-03-31T00:00:00,DEM,DEM,False,,2.0,
WY,S6WY00068,"BARRASSO, JOHN A",C00436386,1303850.9,711084.28,8321195.21,8321195.21,0.0,2026-03-31T00:00:00,REP,REP,False,,3.0,
WY,S6WY00209,"HAGEMAN, HARRIET",C00788943,1555542.88,1278925.42,1159580.5,1159580.5,0.0,2026-03-31T00:00:00,REP,REP,True,highest_total_receipts,1.0,
WY,S0WY00137,"LUMMIS, CYNTHIA MARIE MRS.",C00443580,1493103.64,561688.66,1608754.71,1608754.71,0.0,2026-03-31T00:00:00,REP,REP,False,,2.0,
WY,S4WY00162,"RASNER, REID",C00890921,1263932.2,1118452.1,157933.1,157933.1,1249322.57,2026-03-31T00:00:00,REP,REP,False,,4.0,
WY,S6WY00191,"SKOVGARD, JIMMY MR",C00903369,2165.0,425.57,2618.6,2618.6,0.0,2026-03-31T00:00:00,REP,REP,False,,5.0,
