state,state_name,polymarket_event_id,polymarket_event_slug,polymarket_event_title,polymarket_event_url,polymarket_market_id,polymarket_market_slug,polymarket_market_question,polymarket_market_url,polymarket_embed_url,market_entity_name,market_entity_type,market_party_normalized,yes_probability,no_probability,last_trade_price,best_bid,best_ask,volume,liquidity,active,closed,event_updated_at,data_pulled_at,matched_fec_candidate_id,matched_candidate_name,matched_party,matched_party_normalized,candidate_match_status,candidate_match_count,candidate_match_candidates
AK,Alaska,59233,alaska-senate-election-winner,Alaska Senate Election Winner,https://polymarket.com/event/alaska-senate-election-winner,634976,will-mary-peltola-win-the-alaska-senate-race-in-2026,Will Mary Peltola win the Alaska Senate race in 2026?,https://polymarket.com/event/alaska-senate-election-winner#634976,https://embed.polymarket.com/market?market=will-mary-peltola-win-the-alaska-senate-race-in-2026&height=300,Mary Peltola,candidate,,0.675,0.325,0.69,0.67,0.68,155577.80455000018,14226.5748,True,False,2026-05-03T12:06:25.022323Z,2026-05-03T12:08:24.866751+00:00,S6AK00276,"PELTOLA, MARY",DEM,DEM,exact_candidate_universe,1,S6AK00276
AK,Alaska,59233,alaska-senate-election-winner,Alaska Senate Election Winner,https://polymarket.com/event/alaska-senate-election-winner,634974,will-dan-sullivan-win-the-alaska-senate-race-in-2026,Will Dan Sullivan win the Alaska Senate race in 2026?,https://polymarket.com/event/alaska-senate-election-winner#634974,https://embed.polymarket.com/market?market=will-dan-sullivan-win-the-alaska-senate-race-in-2026&height=300,Dan Sullivan,candidate,,0.33,0.67,0.34,0.32,0.34,85368.02177699997,16636.3009,True,False,2026-05-03T12:06:25.022323Z,2026-05-03T12:08:24.866158+00:00,S4AK00214,"SULLIVAN, DAN",REP,REP,exact_candidate_universe,1,S4AK00214
AK,Alaska,59233,alaska-senate-election-winner,Alaska Senate Election Winner,https://polymarket.com/event/alaska-senate-election-winner,634977,will-dustin-darden-win-the-alaska-senate-race-in-2026,Will Dustin Darden win the Alaska Senate race in 2026?,https://polymarket.com/event/alaska-senate-election-winner#634977,https://embed.polymarket.com/market?market=will-dustin-darden-win-the-alaska-senate-race-in-2026&height=300,Dustin Darden,candidate,,0.0025,0.9975,0.002,0.001,0.004,19980.368311999973,4489.07949,True,False,2026-05-03T12:06:25.022323Z,2026-05-03T12:08:24.864391+00:00,,,,,no_candidate_match,0,
AK,Alaska,59233,alaska-senate-election-winner,Alaska Senate Election Winner,https://polymarket.com/event/alaska-senate-election-winner,634975,will-ann-diener-win-the-alaska-senate-race-in-2026,Will Ann Diener win the Alaska Senate race in 2026?,https://polymarket.com/event/alaska-senate-election-winner#634975,https://embed.polymarket.com/market?market=will-ann-diener-win-the-alaska-senate-race-in-2026&height=300,Ann Diener,candidate,,0.002,0.998,0.001,0.001,0.003,32400.568577999973,8056.21019,True,False,2026-05-03T12:06:25.022323Z,2026-05-03T12:08:24.865499+00:00,S6AK00235,"DIENER, ANN",DEM,DEM,exact_candidate_universe,1,S6AK00235
AK,Alaska,59233,alaska-senate-election-winner,Alaska Senate Election Winner,https://polymarket.com/event/alaska-senate-election-winner,634978,will-richard-grayson-win-the-alaska-senate-race-in-2026,Will Richard Grayson win the Alaska Senate race in 2026?,https://polymarket.com/event/alaska-senate-election-winner#634978,https://embed.polymarket.com/market?market=will-richard-grayson-win-the-alaska-senate-race-in-2026&height=300,Richard Grayson,candidate,,0.0015,0.9985,0.001,0.001,0.002,19053.348520999993,7187.48778,True,False,2026-05-03T12:06:25.022323Z,2026-05-03T12:08:24.867306+00:00,,,,,no_candidate_match,0,
AL,Alabama,57637,alabama-senate-election-winner-154,Alabama Senate Election Winner,https://polymarket.com/event/alabama-senate-election-winner-154,630628,will-the-republicans-win-the-alabama-senate-race-in-2026,Will the Republicans win the Alabama Senate race in 2026?,https://polymarket.com/event/alabama-senate-election-winner-154#630628,https://embed.polymarket.com/market?market=will-the-republicans-win-the-alabama-senate-race-in-2026&height=300,Republican,party,REP,0.945,0.055,0.94,0.94,0.95,6284.625777000003,13113.4638,True,False,2026-05-03T12:06:22.274018Z,2026-05-03T12:08:24.863327+00:00,S2AL00145,"BRITT, KATIE BOYD",REP,REP,party_market_selected_candidate,1,S2AL00145
AL,Alabama,57637,alabama-senate-election-winner-154,Alabama Senate Election Winner,https://polymarket.com/event/alabama-senate-election-winner-154,630627,will-the-democrats-win-the-alabama-senate-race-in-2026,Will the Democrats win the Alabama Senate race in 2026?,https://polymarket.com/event/alabama-senate-election-winner-154#630627,https://embed.polymarket.com/market?market=will-the-democrats-win-the-alabama-senate-race-in-2026&height=300,Democrat,party,DEM,0.055,0.945,0.08,0.04,0.07,3818.76904,3446.9276,True,False,2026-05-03T12:06:22.274018Z,2026-05-03T12:08:24.861263+00:00,S0AL00156,"JONES, DOUG",DEM,DEM,party_market_selected_candidate,1,S0AL00156
AR,Arkansas,57639,arkansas-senate-election-winner,Arkansas Senate Election Winner,https://polymarket.com/event/arkansas-senate-election-winner,630654,will-the-republicans-win-the-arkansas-senate-race-in-2026,Will the Republicans win the Arkansas Senate race in 2026?,https://polymarket.com/event/arkansas-senate-election-winner#630654,https://embed.polymarket.com/market?market=will-the-republicans-win-the-arkansas-senate-race-in-2026&height=300,Republican,party,REP,0.9,0.1,0.91,0.89,0.91,7222.575820999992,12037.045,True,False,2026-05-03T12:06:26.64891Z,2026-05-03T12:08:24.868988+00:00,S4AR00103,"COTTON, THOMAS",REP,REP,party_market_selected_candidate,1,S4AR00103
AR,Arkansas,57639,arkansas-senate-election-winner,Arkansas Senate Election Winner,https://polymarket.com/event/arkansas-senate-election-winner,630653,will-the-democrats-win-the-arkansas-senate-race-in-2026,Will the Democrats win the Arkansas Senate race in 2026?,https://polymarket.com/event/arkansas-senate-election-winner#630653,https://embed.polymarket.com/market?market=will-the-democrats-win-the-arkansas-senate-race-in-2026&height=300,Democrat,party,DEM,0.06,0.94,0.06,0.05,0.07,2634.4245469999987,11177.4679,True,False,2026-05-03T12:06:26.64891Z,2026-05-03T12:08:24.868230+00:00,S6AR00199,"SHOFFNER, HALLIE",DEM,DEM,party_market_selected_candidate,1,S6AR00199
CO,Colorado,57640,colorado-senate-election-winner,Colorado Senate Election Winner,https://polymarket.com/event/colorado-senate-election-winner,630666,will-the-democrats-win-the-colorado-senate-race-in-2026,Will the Democrats win the Colorado Senate race in 2026?,https://polymarket.com/event/colorado-senate-election-winner#630666,https://embed.polymarket.com/market?market=will-the-democrats-win-the-colorado-senate-race-in-2026&height=300,Democrat,party,DEM,0.91,0.09,0.9,0.9,0.92,8305.584747000006,13346.932,True,False,2026-05-03T12:06:22.350029Z,2026-05-03T12:08:24.870332+00:00,S0CO00575,"HICKENLOOPER, JOHN W.",DEM,DEM,party_market_selected_candidate,1,S0CO00575
CO,Colorado,57640,colorado-senate-election-winner,Colorado Senate Election Winner,https://polymarket.com/event/colorado-senate-election-winner,630667,will-the-republicans-win-the-colorado-senate-race-in-2026,Will the Republicans win the Colorado Senate race in 2026?,https://polymarket.com/event/colorado-senate-election-winner#630667,https://embed.polymarket.com/market?market=will-the-republicans-win-the-colorado-senate-race-in-2026&height=300,Republican,party,REP,0.09,0.91,0.09,0.08,0.1,26031.000431,16508.6969,True,False,2026-05-03T12:06:22.350029Z,2026-05-03T12:08:24.869675+00:00,S2CO00241,"O'DEA, JOSEPH MATTHEW",REP,REP,party_market_selected_candidate,1,S2CO00241
DE,Delaware,57641,delaware-senate-election-winner,Delaware Senate Election Winner,https://polymarket.com/event/delaware-senate-election-winner,630679,will-the-democrats-win-the-delaware-senate-race-in-2026,Will the Democrats win the Delaware Senate race in 2026?,https://polymarket.com/event/delaware-senate-election-winner#630679,https://embed.polymarket.com/market?market=will-the-democrats-win-the-delaware-senate-race-in-2026&height=300,Democrat,party,DEM,0.93,0.07,0.93,0.92,0.94,7342.040472000005,12900.7475,True,False,2026-05-03T12:06:28.703658Z,2026-05-03T12:08:24.871001+00:00,S4DE00060,"BLUNT ROCHESTER, LISA",DEM,DEM,party_market_selected_candidate,1,S4DE00060
DE,Delaware,57641,delaware-senate-election-winner,Delaware Senate Election Winner,https://polymarket.com/event/delaware-senate-election-winner,630680,will-the-republicans-win-the-delaware-senate-race-in-2026,Will the Republicans win the Delaware Senate race in 2026?,https://polymarket.com/event/delaware-senate-election-winner#630680,https://embed.polymarket.com/market?market=will-the-republicans-win-the-delaware-senate-race-in-2026&height=300,Republican,party,REP,0.06,0.94,0.06,0.05,0.07,4183.719833999999,13089.9808,True,False,2026-05-03T12:06:28.703658Z,2026-05-03T12:08:24.871628+00:00,S6DE00131,"O'DONNELL, CHRISTINE",REP,REP,party_market_selected_candidate,1,S6DE00131
FL,Florida,57681,florida-senate-election-winner,Florida Senate Election Winner,https://polymarket.com/event/florida-senate-election-winner,631045,will-the-republicans-win-the-florida-senate-race-in-2026,Will the Republicans win the Florida Senate race in 2026?,https://polymarket.com/event/florida-senate-election-winner#631045,https://embed.polymarket.com/market?market=will-the-republicans-win-the-florida-senate-race-in-2026&height=300,Republican,party,REP,0.81,0.19,0.76,0.8,0.82,19115.490781000015,10364.2135,True,False,2026-05-03T12:06:26.640179Z,2026-05-03T12:08:24.872801+00:00,S8FL00273,"SCOTT, RICK SEN",REP,REP,party_market_selected_candidate,1,S8FL00273
FL,Florida,57681,florida-senate-election-winner,Florida Senate Election Winner,https://polymarket.com/event/florida-senate-election-winner,631044,will-the-democrats-win-the-florida-senate-race-in-2026,Will the Democrats win the Florida Senate race in 2026?,https://polymarket.com/event/florida-senate-election-winner#631044,https://embed.polymarket.com/market?market=will-the-democrats-win-the-florida-senate-race-in-2026&height=300,Democrat,party,DEM,0.18,0.82,0.29,0.16,0.2,17124.372785999996,11283.0204,True,False,2026-05-03T12:06:26.640179Z,2026-05-03T12:08:24.872225+00:00,S6FL00756,"WEIL, JOSHUA JOSEPH",DEM,DEM,party_market_selected_candidate,1,S6FL00756
GA,Georgia,57642,georgia-senate-election-winner,Georgia Senate Election Winner,https://polymarket.com/event/georgia-senate-election-winner,630692,will-the-democrats-win-the-georgia-senate-race-in-2026,Will the Democrats win the Georgia Senate race in 2026?,https://polymarket.com/event/georgia-senate-election-winner#630692,https://embed.polymarket.com/market?market=will-the-democrats-win-the-georgia-senate-race-in-2026&height=300,Democrat,party,DEM,0.84,0.16,0.79,0.83,0.85,8952.356301000002,12194.3043,True,False,2026-05-03T12:06:28.535034Z,2026-05-03T12:08:24.873964+00:00,S0GA00559,"WARNOCK, RAPHAEL",DEM,DEM,party_market_selected_candidate,1,S0GA00559
GA,Georgia,57642,georgia-senate-election-winner,Georgia Senate Election Winner,https://polymarket.com/event/georgia-senate-election-winner,630693,will-the-republicans-win-the-georgia-senate-race-in-2026,Will the Republicans win the Georgia Senate race in 2026?,https://polymarket.com/event/georgia-senate-election-winner#630693,https://embed.polymarket.com/market?market=will-the-republicans-win-the-georgia-senate-race-in-2026&height=300,Republican,party,REP,0.147,0.853,0.171,0.134,0.16,15034.871756000004,16747.74745,True,False,2026-05-03T12:06:28.535034Z,2026-05-03T12:08:24.873390+00:00,S6GA00366,"CLEMENT, CHRISTINA LOREN REV DR TRUSTE",REP,REP,party_market_selected_candidate,1,S6GA00366
IA,Iowa,57647,iowa-senate-election-winner,Iowa Senate Election Winner,https://polymarket.com/event/iowa-senate-election-winner,630734,will-the-republicans-win-the-iowa-senate-race-in-2026,Will the Republicans win the Iowa Senate race in 2026?,https://polymarket.com/event/iowa-senate-election-winner#630734,https://embed.polymarket.com/market?market=will-the-republicans-win-the-iowa-senate-race-in-2026&height=300,Republican,party,REP,0.605,0.395,0.61,0.6,0.61,51866.32212800015,25945.0333,True,False,2026-05-03T12:06:24.973345Z,2026-05-03T12:08:24.877828+00:00,S4IA00129,"ERNST, JONI K",REP,REP,party_market_selected_candidate,1,S4IA00129
IA,Iowa,57647,iowa-senate-election-winner,Iowa Senate Election Winner,https://polymarket.com/event/iowa-senate-election-winner,630733,will-the-democrats-win-the-iowa-senate-race-in-2026,Will the Democrats win the Iowa Senate race in 2026?,https://polymarket.com/event/iowa-senate-election-winner#630733,https://embed.polymarket.com/market?market=will-the-democrats-win-the-iowa-senate-race-in-2026&height=300,Democrat,party,DEM,0.405,0.595,0.4,0.4,0.41,61614.84068700017,29404.3776,True,False,2026-05-03T12:06:24.973345Z,2026-05-03T12:08:24.877265+00:00,S0IA00176,"GREENFIELD, THERESA",DEM,DEM,party_market_selected_candidate,1,S0IA00176
ID,Idaho,57643,idaho-senate-election-winner,Idaho Senate Election Winner,https://polymarket.com/event/idaho-senate-election-winner,630706,will-the-republicans-win-the-idaho-senate-race-in-2026,Will the Republicans win the Idaho Senate race in 2026?,https://polymarket.com/event/idaho-senate-election-winner#630706,https://embed.polymarket.com/market?market=will-the-republicans-win-the-idaho-senate-race-in-2026&height=300,Republican,party,REP,0.91,0.09,0.91,0.9,0.92,10591.102478000004,12262.7921,True,False,2026-05-03T12:06:33.178375Z,2026-05-03T12:08:24.874752+00:00,S8ID00027,"CRAPO, MICHAEL D",REP,REP,party_market_selected_candidate,1,S8ID00027
ID,Idaho,57643,idaho-senate-election-winner,Idaho Senate Election Winner,https://polymarket.com/event/idaho-senate-election-winner,630705,will-the-democrats-win-the-idaho-senate-race-in-2026,Will the Democrats win the Idaho Senate race in 2026?,https://polymarket.com/event/idaho-senate-election-winner#630705,https://embed.polymarket.com/market?market=will-the-democrats-win-the-idaho-senate-race-in-2026&height=300,Democrat,party,DEM,0.075,0.925,0.06,0.07,0.08,4733.048266999998,12379.2787,True,False,2026-05-03T12:06:33.178375Z,2026-05-03T12:08:24.875417+00:00,S6ID00138,"ROTH, DAVID JORDAN",DEM,DEM,party_market_selected_candidate,1,S6ID00138
IL,Illinois,57646,illinois-senate-election-winner,Illinois Senate Election Winner,https://polymarket.com/event/illinois-senate-election-winner,630720,will-the-democrats-win-the-illinois-senate-race-in-2026,Will the Democrats win the Illinois Senate race in 2026?,https://polymarket.com/event/illinois-senate-election-winner#630720,https://embed.polymarket.com/market?market=will-the-democrats-win-the-illinois-senate-race-in-2026&height=300,Democrat,party,DEM,0.93,0.07,0.91,0.92,0.94,11432.247535000002,12755.2525,True,False,2026-05-03T12:06:26.515301Z,2026-05-03T12:08:24.876052+00:00,S6IL00482,"KRISHNAMOORTHI, S",DEM,DEM,party_market_selected_candidate,1,S6IL00482
IL,Illinois,57646,illinois-senate-election-winner,Illinois Senate Election Winner,https://polymarket.com/event/illinois-senate-election-winner,630721,will-the-republicans-win-the-illinois-senate-race-in-2026,Will the Republicans win the Illinois Senate race in 2026?,https://polymarket.com/event/illinois-senate-election-winner#630721,https://embed.polymarket.com/market?market=will-the-republicans-win-the-illinois-senate-race-in-2026&height=300,Republican,party,REP,0.037,0.963,0.01,0.013,0.061,10814.028814999989,708.07122,True,False,2026-05-03T12:06:26.515301Z,2026-05-03T12:08:24.876650+00:00,S6IL00615,"TRACY, DON",REP,REP,party_market_selected_candidate,1,S6IL00615
KS,Kansas,57648,kansas-senate-election-winner,Kansas Senate Election Winner,https://polymarket.com/event/kansas-senate-election-winner,630747,will-the-republicans-win-the-kansas-senate-race-in-2026,Will the Republicans win the Kansas Senate race in 2026?,https://polymarket.com/event/kansas-senate-election-winner#630747,https://embed.polymarket.com/market?market=will-the-republicans-win-the-kansas-senate-race-in-2026&height=300,Republican,party,REP,0.805,0.195,0.8,0.8,0.81,14439.34406299999,12725.1201,True,False,2026-05-03T12:06:29.27224Z,2026-05-03T12:08:24.878396+00:00,H6KS01179,"MARSHALL, ROGER W",REP,REP,party_market_selected_candidate,1,H6KS01179
KS,Kansas,57648,kansas-senate-election-winner,Kansas Senate Election Winner,https://polymarket.com/event/kansas-senate-election-winner,630746,will-the-democrats-win-the-kansas-senate-race-in-2026,Will the Democrats win the Kansas Senate race in 2026?,https://polymarket.com/event/kansas-senate-election-winner#630746,https://embed.polymarket.com/market?market=will-the-democrats-win-the-kansas-senate-race-in-2026&height=300,Democrat,party,DEM,0.2,0.8,0.2,0.19,0.21,10737.143543999997,13777.1389,True,False,2026-05-03T12:06:29.27224Z,2026-05-03T12:08:24.878940+00:00,S6KS00262,"SPIDEL NEUMANN, SANDY",DEM,DEM,party_market_selected_candidate,1,S6KS00262
KY,Kentucky,57649,kentucky-senate-election-winner,Kentucky Senate Election Winner,https://polymarket.com/event/kentucky-senate-election-winner,630760,will-the-republicans-win-the-kentucky-senate-race-in-2026,Will the Republicans win the Kentucky Senate race in 2026?,https://polymarket.com/event/kentucky-senate-election-winner#630760,https://embed.polymarket.com/market?market=will-the-republicans-win-the-kentucky-senate-race-in-2026&height=300,Republican,party,REP,0.94,0.06,0.92,0.93,0.95,3024.7066240000004,12662.3493,True,False,2026-05-03T12:07:40.303053Z,2026-05-03T12:08:24.880454+00:00,S2KY00012,"MCCONNELL, MITCH",REP,REP,party_market_selected_candidate,1,S2KY00012
KY,Kentucky,57649,kentucky-senate-election-winner,Kentucky Senate Election Winner,https://polymarket.com/event/kentucky-senate-election-winner,630759,will-the-democrats-win-the-kentucky-senate-race-in-2026,Will the Democrats win the Kentucky Senate race in 2026?,https://polymarket.com/event/kentucky-senate-election-winner#630759,https://embed.polymarket.com/market?market=will-the-democrats-win-the-kentucky-senate-race-in-2026&height=300,Democrat,party,DEM,0.052,0.948,0.09,0.035,0.069,3515.821370999999,5664.50816,True,False,2026-05-03T12:07:40.303053Z,2026-05-03T12:08:24.879777+00:00,S0KY00420,"BOOKER, CHARLES",DEM,DEM,party_market_selected_candidate,1,S0KY00420
LA,Louisiana,59203,louisiana-senate-election-winner,Louisiana Senate Election Winner,https://polymarket.com/event/louisiana-senate-election-winner,634879,will-the-republicans-win-the-louisiana-senate-race-in-2026,Will the Republicans win the Louisiana Senate race in 2026?,https://polymarket.com/event/louisiana-senate-election-winner#634879,https://embed.polymarket.com/market?market=will-the-republicans-win-the-louisiana-senate-race-in-2026&height=300,Republican,party,REP,0.91,0.09,0.9,0.9,0.92,3577.6547710000013,11356.5992,True,False,2026-05-03T12:06:30.199766Z,2026-05-03T12:08:24.881610+00:00,S4LA00065,"KENNEDY, JOHN NEELY",REP,REP,party_market_selected_candidate,1,S4LA00065
LA,Louisiana,59203,louisiana-senate-election-winner,Louisiana Senate Election Winner,https://polymarket.com/event/louisiana-senate-election-winner,634878,will-the-democrats-win-the-louisiana-senate-race-in-2026,Will the Democrats win the Louisiana Senate race in 2026?,https://polymarket.com/event/louisiana-senate-election-winner#634878,https://embed.polymarket.com/market?market=will-the-democrats-win-the-louisiana-senate-race-in-2026&height=300,Democrat,party,DEM,0.08,0.92,0.07,0.07,0.09,2561.235766,14089.4433,True,False,2026-05-03T12:06:30.199766Z,2026-05-03T12:08:24.881054+00:00,S4LA00040,"JOHN, CHRIS",DEM,DEM,party_market_selected_candidate,1,S4LA00040
MA,Massachusetts,57655,massachusetts-senate-election-winner,Massachusetts Senate Election Winner,https://polymarket.com/event/massachusetts-senate-election-winner,630790,will-the-democrats-win-the-massachusetts-senate-race-in-2026,Will the Democrats win the Massachusetts Senate race in 2026?,https://polymarket.com/event/massachusetts-senate-election-winner#630790,https://embed.polymarket.com/market?market=will-the-democrats-win-the-massachusetts-senate-race-in-2026&height=300,Democrat,party,DEM,0.945,0.055,0.95,0.94,0.95,8328.416465,14942.0319,True,False,2026-05-03T12:06:24.068537Z,2026-05-03T12:08:24.883291+00:00,S2MA00170,"WARREN, ELIZABETH",DEM,DEM,party_market_selected_candidate,1,S2MA00170
MA,Massachusetts,57655,massachusetts-senate-election-winner,Massachusetts Senate Election Winner,https://polymarket.com/event/massachusetts-senate-election-winner,630791,will-the-republicans-win-the-massachusetts-senate-race-in-2026,Will the Republicans win the Massachusetts Senate race in 2026?,https://polymarket.com/event/massachusetts-senate-election-winner#630791,https://embed.polymarket.com/market?market=will-the-republicans-win-the-massachusetts-senate-race-in-2026&height=300,Republican,party,REP,0.04,0.96,0.04,0.03,0.05,4603.103945999999,7245.2438,True,False,2026-05-03T12:06:24.068537Z,2026-05-03T12:08:24.883808+00:00,S4MA00358,"DEATON, JOHN",REP,REP,party_market_selected_candidate,1,S4MA00358
ME,Maine,57650,maine-senate-election-winner,Maine Senate Election Winner,https://polymarket.com/event/maine-senate-election-winner,630772,will-the-democrats-win-the-maine-senate-race-in-2026,Will the Democrats win the Maine Senate race in 2026?,https://polymarket.com/event/maine-senate-election-winner#630772,https://embed.polymarket.com/market?market=will-the-democrats-win-the-maine-senate-race-in-2026&height=300,Democrat,party,DEM,0.715,0.285,0.72,0.71,0.72,59443.852862999905,193834.0074,True,False,2026-05-03T12:06:34.545561Z,2026-05-03T12:08:24.882181+00:00,S0ME00111,"GIDEON, SARA",DEM,DEM,party_market_selected_candidate,1,S0ME00111
ME,Maine,57650,maine-senate-election-winner,Maine Senate Election Winner,https://polymarket.com/event/maine-senate-election-winner,630773,will-the-republicans-win-the-maine-senate-race-in-2026,Will the Republicans win the Maine Senate race in 2026?,https://polymarket.com/event/maine-senate-election-winner#630773,https://embed.polymarket.com/market?market=will-the-republicans-win-the-maine-senate-race-in-2026&height=300,Republican,party,REP,0.295,0.705,0.29,0.29,0.3,57069.455517,196490.5459,True,False,2026-05-03T12:06:34.545561Z,2026-05-03T12:08:24.882724+00:00,S6ME00159,"COLLINS, SUSAN M.",REP,REP,party_market_selected_candidate,1,S6ME00159
MI,Michigan,57658,michigan-senate-election-winner,Michigan Senate Election Winner,https://polymarket.com/event/michigan-senate-election-winner,630805,will-the-democrats-win-the-michigan-senate-race-in-2026,Will the Democrats win the Michigan Senate race in 2026?,https://polymarket.com/event/michigan-senate-election-winner#630805,https://embed.polymarket.com/market?market=will-the-democrats-win-the-michigan-senate-race-in-2026&height=300,Democrat,party,DEM,0.765,0.235,0.77,0.76,0.77,79241.63443200004,13326.6837,True,False,2026-05-03T12:06:23.840186Z,2026-05-03T12:08:24.884840+00:00,S4MI00470,"SLOTKIN, ELISSA",DEM,DEM,party_market_selected_candidate,1,S4MI00470
MI,Michigan,57658,michigan-senate-election-winner,Michigan Senate Election Winner,https://polymarket.com/event/michigan-senate-election-winner,630806,will-the-republicans-win-the-michigan-senate-race-in-2026,Will the Republicans win the Michigan Senate race in 2026?,https://polymarket.com/event/michigan-senate-election-winner#630806,https://embed.polymarket.com/market?market=will-the-republicans-win-the-michigan-senate-race-in-2026&height=300,Republican,party,REP,0.23,0.77,0.22,0.22,0.24,27272.391968000007,14572.4768,True,False,2026-05-03T12:06:23.840186Z,2026-05-03T12:08:24.884333+00:00,S8MI00372,"JAMES, JOHN",REP,REP,party_market_selected_candidate,1,S8MI00372
MN,Minnesota,57659,minnesota-senate-election-winner,Minnesota Senate Election Winner,https://polymarket.com/event/minnesota-senate-election-winner,630818,will-the-democrats-win-the-minnesota-senate-race-in-2026,Will the Democrats win the Minnesota Senate race in 2026?,https://polymarket.com/event/minnesota-senate-election-winner#630818,https://embed.polymarket.com/market?market=will-the-democrats-win-the-minnesota-senate-race-in-2026&height=300,Democrat,party,DEM,0.9,0.1,0.88,0.89,0.91,16342.708355999988,12868.6227,True,False,2026-05-03T12:06:29.197446Z,2026-05-03T12:08:24.885964+00:00,S8MN00578,"SMITH, TINA",DEM,DEM,party_market_selected_candidate,1,S8MN00578
MN,Minnesota,57659,minnesota-senate-election-winner,Minnesota Senate Election Winner,https://polymarket.com/event/minnesota-senate-election-winner,630819,will-the-republicans-win-the-minnesota-senate-race-in-2026,Will the Republicans win the Minnesota Senate race in 2026?,https://polymarket.com/event/minnesota-senate-election-winner#630819,https://embed.polymarket.com/market?market=will-the-republicans-win-the-minnesota-senate-race-in-2026&height=300,Republican,party,REP,0.055,0.945,0.07,0.04,0.07,6670.346428000004,12524.2156,True,False,2026-05-03T12:06:29.197446Z,2026-05-03T12:08:24.885436+00:00,S8MN00586,"HOUSLEY, KARIN",REP,REP,party_market_selected_candidate,1,S8MN00586
MS,Mississippi,57678,mississippi-senate-election-winner,Mississippi Senate Election Winner,https://polymarket.com/event/mississippi-senate-election-winner,631018,will-the-republicans-win-the-mississippi-senate-race-in-2026,Will the Republicans win the Mississippi Senate race in 2026?,https://polymarket.com/event/mississippi-senate-election-winner#631018,https://embed.polymarket.com/market?market=will-the-republicans-win-the-mississippi-senate-race-in-2026&height=300,Republican,party,REP,0.87,0.13,0.87,0.86,0.88,14726.267393,13039.3356,True,False,2026-05-03T12:06:29.26979Z,2026-05-03T12:08:24.886485+00:00,S8MS00196,"WICKER, ROGER SEN.",REP,REP,party_market_selected_candidate,1,S8MS00196
MS,Mississippi,57678,mississippi-senate-election-winner,Mississippi Senate Election Winner,https://polymarket.com/event/mississippi-senate-election-winner,631017,will-the-democrats-win-the-mississippi-senate-race-in-2026,Will the Democrats win the Mississippi Senate race in 2026?,https://polymarket.com/event/mississippi-senate-election-winner#631017,https://embed.polymarket.com/market?market=will-the-democrats-win-the-mississippi-senate-race-in-2026&height=300,Democrat,party,DEM,0.13,0.87,0.14,0.12,0.14,6873.945036000003,13125.453,True,False,2026-05-03T12:06:29.26979Z,2026-05-03T12:08:24.887017+00:00,S8MS00287,"ESPY, MICHAEL",DEM,DEM,party_market_selected_candidate,1,S8MS00287
MT,Montana,57660,montana-senate-election-winner,Montana Senate Election Winner,https://polymarket.com/event/montana-senate-election-winner,630832,will-the-republicans-win-the-montana-senate-race-in-2026,Will the Republicans win the Montana Senate race in 2026?,https://polymarket.com/event/montana-senate-election-winner#630832,https://embed.polymarket.com/market?market=will-the-republicans-win-the-montana-senate-race-in-2026&height=300,Republican,party,REP,0.795,0.205,0.81,0.79,0.8,37323.863484000016,11759.5711,True,False,2026-05-03T12:06:25.784234Z,2026-05-03T12:08:24.888470+00:00,S2MT00096,"DAINES, STEVE",REP,REP,party_market_selected_candidate,1,S2MT00096
MT,Montana,57660,montana-senate-election-winner,Montana Senate Election Winner,https://polymarket.com/event/montana-senate-election-winner,630833,will-an-independent-win-the-montana-senate-race-in-2026,Will an independent win the Montana Senate race in 2026?,https://polymarket.com/event/montana-senate-election-winner#630833,https://embed.polymarket.com/market?market=will-an-independent-win-the-montana-senate-race-in-2026&height=300,Independent,party,OTHER,0.1325,0.8675,,0.126,0.139,345.52924,12117.89523,True,False,2026-05-03T12:06:25.784234Z,2026-05-03T12:08:24.887965+00:00,,,Independent,OTHER,party_market_no_selected_candidate,0,
MT,Montana,57660,montana-senate-election-winner,Montana Senate Election Winner,https://polymarket.com/event/montana-senate-election-winner,630831,will-the-democrats-win-the-montana-senate-race-in-2026,Will the Democrats win the Montana Senate race in 2026?,https://polymarket.com/event/montana-senate-election-winner#630831,https://embed.polymarket.com/market?market=will-the-democrats-win-the-montana-senate-race-in-2026&height=300,Democrat,party,DEM,0.071,0.929,0.073,0.069,0.073,31864.51863299999,14544.60862,True,False,2026-05-03T12:06:25.784234Z,2026-05-03T12:08:24.887545+00:00,S6MT00162,"TESTER, R. JON",DEM,DEM,party_market_selected_candidate,1,S6MT00162
NC,North Carolina,57664,north-carolina-senate-election-winner,North Carolina Senate Election Winner,https://polymarket.com/event/north-carolina-senate-election-winner,630883,will-the-democrats-win-the-north-carolina-senate-race-in-2026,Will the Democrats win the North Carolina Senate race in 2026?,https://polymarket.com/event/north-carolina-senate-election-winner#630883,https://embed.polymarket.com/market?market=will-the-democrats-win-the-north-carolina-senate-race-in-2026&height=300,Democrat,party,DEM,0.855,0.145,0.86,0.85,0.86,19665.379586000003,13071.8101,True,False,2026-05-03T12:06:26.266912Z,2026-05-03T12:08:24.893291+00:00,S2NC00497,"BEASLEY, CHERI",DEM,DEM,party_market_selected_candidate,1,S2NC00497
NC,North Carolina,57664,north-carolina-senate-election-winner,North Carolina Senate Election Winner,https://polymarket.com/event/north-carolina-senate-election-winner,630884,will-the-republicans-win-the-north-carolina-senate-race-in-2026,Will the Republicans win the North Carolina Senate race in 2026?,https://polymarket.com/event/north-carolina-senate-election-winner#630884,https://embed.polymarket.com/market?market=will-the-republicans-win-the-north-carolina-senate-race-in-2026&height=300,Republican,party,REP,0.145,0.855,0.14,0.14,0.15,31917.026662000004,14553.0213,True,False,2026-05-03T12:06:26.266912Z,2026-05-03T12:08:24.893764+00:00,S4NC00162,"TILLIS, THOM R SEN",REP,REP,party_market_selected_candidate,1,S4NC00162
NE,Nebraska,59204,nebraska-senate-election-winner,Nebraska Senate Election Winner,https://polymarket.com/event/nebraska-senate-election-winner,634892,will-the-republicans-win-the-nebraska-senate-race-in-2026,Will the Republicans win the Nebraska Senate race in 2026?,https://polymarket.com/event/nebraska-senate-election-winner#634892,https://embed.polymarket.com/market?market=will-the-republicans-win-the-nebraska-senate-race-in-2026&height=300,Republican,party,REP,0.665,0.335,0.66,0.66,0.67,46391.12492900044,14099.2828,True,False,2026-05-03T12:06:30.238751Z,2026-05-03T12:08:24.889867+00:00,S6NE00129,"RICKETTS, PETE",REP,REP,party_market_selected_candidate,1,S6NE00129
NE,Nebraska,59204,nebraska-senate-election-winner,Nebraska Senate Election Winner,https://polymarket.com/event/nebraska-senate-election-winner,634893,will-an-independent-win-the-nebraska-senate-race-in-2026,Will an independent win the Nebraska Senate race in 2026?,https://polymarket.com/event/nebraska-senate-election-winner#634893,https://embed.polymarket.com/market?market=will-an-independent-win-the-nebraska-senate-race-in-2026&height=300,Independent,party,OTHER,0.3,0.7,0.3,0.29,0.31,706.7723,12319.1218,True,False,2026-05-03T12:06:30.238751Z,2026-05-03T12:08:24.889392+00:00,,,Independent,OTHER,party_market_no_selected_candidate,0,
NE,Nebraska,59204,nebraska-senate-election-winner,Nebraska Senate Election Winner,https://polymarket.com/event/nebraska-senate-election-winner,634891,will-the-democrats-win-the-nebraska-senate-race-in-2026,Will the Democrats win the Nebraska Senate race in 2026?,https://polymarket.com/event/nebraska-senate-election-winner#634891,https://embed.polymarket.com/market?market=will-the-democrats-win-the-nebraska-senate-race-in-2026&height=300,Democrat,party,DEM,0.0365,0.9635,0.036,0.036,0.037,61221.79486600002,15696.76109,True,False,2026-05-03T12:06:30.238751Z,2026-05-03T12:08:24.888979+00:00,S6NE00095,"NELSON, E BENJAMIN",DEM,DEM,party_market_selected_candidate,1,S6NE00095
NH,New Hampshire,57661,new-hampshire-senate-election-winner,New Hampshire Senate Election Winner,https://polymarket.com/event/new-hampshire-senate-election-winner,630844,will-the-democrats-win-the-new-hampshire-senate-race-in-2026,Will the Democrats win the New Hampshire Senate race in 2026?,https://polymarket.com/event/new-hampshire-senate-election-winner#630844,https://embed.polymarket.com/market?market=will-the-democrats-win-the-new-hampshire-senate-race-in-2026&height=300,Democrat,party,DEM,0.84,0.16,0.85,0.83,0.85,17744.898029999997,10141.8048,True,False,2026-05-03T12:06:26.526506Z,2026-05-03T12:08:24.890361+00:00,S6NH00091,"HASSAN, MARGARET WOOD",DEM,DEM,party_market_selected_candidate,1,S6NH00091
NH,New Hampshire,57661,new-hampshire-senate-election-winner,New Hampshire Senate Election Winner,https://polymarket.com/event/new-hampshire-senate-election-winner,630845,will-the-republicans-win-the-new-hampshire-senate-race-in-2026,Will the Republicans win the New Hampshire Senate race in 2026?,https://polymarket.com/event/new-hampshire-senate-election-winner#630845,https://embed.polymarket.com/market?market=will-the-republicans-win-the-new-hampshire-senate-race-in-2026&height=300,Republican,party,REP,0.17,0.83,0.16,0.16,0.18,7750.879737,10207.2404,True,False,2026-05-03T12:06:26.526506Z,2026-05-03T12:08:24.890829+00:00,S0NH00326,"BOLDUC, DONALD C.",REP,REP,party_market_selected_candidate,1,S0NH00326
NJ,New Jersey,57662,new-jersey-senate-election-winner,New Jersey Senate Election Winner,https://polymarket.com/event/new-jersey-senate-election-winner,630857,will-the-democrats-win-the-new-jersey-senate-race-in-2026,Will the Democrats win the New Jersey Senate race in 2026?,https://polymarket.com/event/new-jersey-senate-election-winner#630857,https://embed.polymarket.com/market?market=will-the-democrats-win-the-new-jersey-senate-race-in-2026&height=300,Democrat,party,DEM,0.94,0.06,0.93,0.93,0.95,8809.355396000004,12377.5157,True,False,2026-05-03T12:06:22.747487Z,2026-05-03T12:08:24.891349+00:00,S4NJ00185,"BOOKER, CORY A.",DEM,DEM,party_market_selected_candidate,1,S4NJ00185
NJ,New Jersey,57662,new-jersey-senate-election-winner,New Jersey Senate Election Winner,https://polymarket.com/event/new-jersey-senate-election-winner,630858,will-the-republicans-win-the-new-jersey-senate-race-in-2026,Will the Republicans win the New Jersey Senate race in 2026?,https://polymarket.com/event/new-jersey-senate-election-winner#630858,https://embed.polymarket.com/market?market=will-the-republicans-win-the-new-jersey-senate-race-in-2026&height=300,Republican,party,REP,0.0435,0.9565,0.035,0.032,0.055,8714.93947400001,13265.56957,True,False,2026-05-03T12:06:22.747487Z,2026-05-03T12:08:24.891840+00:00,S6NJ00131,"ZIMMER, DICK",REP,REP,party_market_selected_candidate,1,S6NJ00131
NM,New Mexico,57663,new-mexico-senate-election-winner,New Mexico Senate Election Winner,https://polymarket.com/event/new-mexico-senate-election-winner,630870,will-the-democrats-win-the-new-mexico-senate-race-in-2026,Will the Democrats win the New Mexico Senate race in 2026?,https://polymarket.com/event/new-mexico-senate-election-winner#630870,https://embed.polymarket.com/market?market=will-the-democrats-win-the-new-mexico-senate-race-in-2026&height=300,Democrat,party,DEM,0.957,0.043,0.964,0.955,0.959,7945.033398000002,16332.83674,True,False,2026-05-03T12:06:23.390117Z,2026-05-03T12:08:24.892330+00:00,S2NM00088,"HEINRICH, MARTIN",DEM,DEM,party_market_selected_candidate,1,S2NM00088
NM,New Mexico,57663,new-mexico-senate-election-winner,New Mexico Senate Election Winner,https://polymarket.com/event/new-mexico-senate-election-winner,630871,will-the-republicans-win-the-new-mexico-senate-race-in-2026,Will the Republicans win the New Mexico Senate race in 2026?,https://polymarket.com/event/new-mexico-senate-election-winner#630871,https://embed.polymarket.com/market?market=will-the-republicans-win-the-new-mexico-senate-race-in-2026&height=300,Republican,party,REP,0.0275,0.9725,0.021,0.023,0.032,5851.2132630000015,16472.35736,True,False,2026-05-03T12:06:23.390117Z,2026-05-03T12:08:24.892804+00:00,S4NM00183,"DOMENICI, NELLA LOUISE LOUISE",REP,REP,party_market_selected_candidate,1,S4NM00183
OH,Ohio,57682,ohio-senate-election-winner,Ohio Senate Election Winner,https://polymarket.com/event/ohio-senate-election-winner,631057,will-the-democrats-win-the-ohio-senate-race-in-2026,Will the Democrats win the Ohio Senate race in 2026?,https://polymarket.com/event/ohio-senate-election-winner#631057,https://embed.polymarket.com/market?market=will-the-democrats-win-the-ohio-senate-race-in-2026&height=300,Democrat,party,DEM,0.595,0.405,0.59,0.59,0.6,42281.30763699991,25990.5609,True,False,2026-05-03T12:06:28.762714Z,2026-05-03T12:08:24.894351+00:00,S6OH00163,"BROWN, SHERROD",DEM,DEM,party_market_selected_candidate,1,S6OH00163
OH,Ohio,57682,ohio-senate-election-winner,Ohio Senate Election Winner,https://polymarket.com/event/ohio-senate-election-winner,631058,will-the-republicans-win-the-ohio-senate-race-in-2026,Will the Republicans win the Ohio Senate race in 2026?,https://polymarket.com/event/ohio-senate-election-winner#631058,https://embed.polymarket.com/market?market=will-the-republicans-win-the-ohio-senate-race-in-2026&height=300,Republican,party,REP,0.415,0.585,0.42,0.41,0.42,30884.109063999967,24832.1457,True,False,2026-05-03T12:06:28.762714Z,2026-05-03T12:08:24.894905+00:00,S4OH00192,"MORENO, BERNIE",REP,REP,party_market_selected_candidate,1,S4OH00192
OK,Oklahoma,57679,oklahoma-senate-election-winner,Oklahoma Senate Election Winner,https://polymarket.com/event/oklahoma-senate-election-winner,631031,will-the-republicans-win-the-oklahoma-senate-race-in-2026,Will the Republicans win the Oklahoma Senate race in 2026?,https://polymarket.com/event/oklahoma-senate-election-winner#631031,https://embed.polymarket.com/market?market=will-the-republicans-win-the-oklahoma-senate-race-in-2026&height=300,Republican,party,REP,0.925,0.075,0.92,0.92,0.93,8120.945166,2642.3057,True,False,2026-05-03T12:06:23.705489Z,2026-05-03T12:08:24.895710+00:00,S6OK04247,"HERN, KEVIN",REP,REP,party_market_selected_candidate,1,S6OK04247
OK,Oklahoma,57679,oklahoma-senate-election-winner,Oklahoma Senate Election Winner,https://polymarket.com/event/oklahoma-senate-election-winner,631030,will-the-democrats-win-the-oklahoma-senate-race-in-2026,Will the Democrats win the Oklahoma Senate race in 2026?,https://polymarket.com/event/oklahoma-senate-election-winner#631030,https://embed.polymarket.com/market?market=will-the-democrats-win-the-oklahoma-senate-race-in-2026&height=300,Democrat,party,DEM,0.063,0.937,0.047,0.059,0.067,5195.022318,11148.42584,True,False,2026-05-03T12:06:23.705489Z,2026-05-03T12:08:24.896268+00:00,S0OK00370,"BROYLES, ABBY",DEM,DEM,party_market_selected_candidate,1,S0OK00370
OR,Oregon,57667,oregon-senate-election-winner,Oregon Senate Election Winner,https://polymarket.com/event/oregon-senate-election-winner,630898,will-the-democrats-win-the-oregon-senate-race-in-2026,Will the Democrats win the Oregon Senate race in 2026?,https://polymarket.com/event/oregon-senate-election-winner#630898,https://embed.polymarket.com/market?market=will-the-democrats-win-the-oregon-senate-race-in-2026&height=300,Democrat,party,DEM,0.93,0.07,0.92,0.91,0.95,2490.8108180000013,11265.8075,True,False,2026-05-03T12:06:24.188319Z,2026-05-03T12:08:24.897230+00:00,S6OR00110,"WYDEN, RONALD L.",DEM,DEM,party_market_selected_candidate,1,S6OR00110
OR,Oregon,57667,oregon-senate-election-winner,Oregon Senate Election Winner,https://polymarket.com/event/oregon-senate-election-winner,630899,will-the-republicans-win-the-oregon-senate-race-in-2026,Will the Republicans win the Oregon Senate race in 2026?,https://polymarket.com/event/oregon-senate-election-winner#630899,https://embed.polymarket.com/market?market=will-the-republicans-win-the-oregon-senate-race-in-2026&height=300,Republican,party,REP,0.075,0.925,0.09,0.06,0.09,1040.0076319999998,12396.2495,True,False,2026-05-03T12:06:24.188319Z,2026-05-03T12:08:24.896763+00:00,S6OR05218,"SMITH, DAVID BROCK",REP,REP,party_market_selected_candidate,1,S6OR05218
RI,Rhode Island,57668,rhode-island-senate-election-winner,Rhode Island Senate Election Winner,https://polymarket.com/event/rhode-island-senate-election-winner,630911,will-the-democrats-win-the-rhode-island-senate-race-in-2026,Will the Democrats win the Rhode Island Senate race in 2026?,https://polymarket.com/event/rhode-island-senate-election-winner#630911,https://embed.polymarket.com/market?market=will-the-democrats-win-the-rhode-island-senate-race-in-2026&height=300,Democrat,party,DEM,0.915,0.085,0.91,0.9,0.93,4950.7873449999925,12114.2873,True,False,2026-05-03T12:06:29.584004Z,2026-05-03T12:08:24.897798+00:00,S6RI00221,"WHITEHOUSE, SHELDON",DEM,DEM,party_market_selected_candidate,1,S6RI00221
RI,Rhode Island,57668,rhode-island-senate-election-winner,Rhode Island Senate Election Winner,https://polymarket.com/event/rhode-island-senate-election-winner,630912,will-the-republicans-win-the-rhode-island-senate-race-in-2026,Will the Republicans win the Rhode Island Senate race in 2026?,https://polymarket.com/event/rhode-island-senate-election-winner#630912,https://embed.polymarket.com/market?market=will-the-republicans-win-the-rhode-island-senate-race-in-2026&height=300,Republican,party,REP,0.05,0.95,0.07,0.03,0.07,2708.842465000001,11521.5224,True,False,2026-05-03T12:06:29.584004Z,2026-05-03T12:08:24.898276+00:00,S4RI00085,"MORGAN, PATRICIA L",REP,REP,party_market_selected_candidate,1,S4RI00085
SC,South Carolina,57669,south-carolina-senate-election-winner,South Carolina Senate Election Winner,https://polymarket.com/event/south-carolina-senate-election-winner,630925,will-the-republicans-win-the-south-carolina-senate-race-in-2026,Will the Republicans win the South Carolina Senate race in 2026?,https://polymarket.com/event/south-carolina-senate-election-winner#630925,https://embed.polymarket.com/market?market=will-the-republicans-win-the-south-carolina-senate-race-in-2026&height=300,Republican,party,REP,0.79,0.21,0.77,0.77,0.81,10276.069674,10625.0065,True,False,2026-05-03T12:06:23.983915Z,2026-05-03T12:08:24.899210+00:00,S0SC00149,"GRAHAM, LINDSEY O.",REP,REP,party_market_selected_candidate,1,S0SC00149
SC,South Carolina,57669,south-carolina-senate-election-winner,South Carolina Senate Election Winner,https://polymarket.com/event/south-carolina-senate-election-winner,630924,will-the-democrats-win-the-south-carolina-senate-race-in-2026,Will the Democrats win the South Carolina Senate race in 2026?,https://polymarket.com/event/south-carolina-senate-election-winner#630924,https://embed.polymarket.com/market?market=will-the-democrats-win-the-south-carolina-senate-race-in-2026&height=300,Democrat,party,DEM,0.22,0.78,0.23,0.2,0.24,17616.185435999992,14351.9517,True,False,2026-05-03T12:06:23.983915Z,2026-05-03T12:08:24.898755+00:00,S0SC00289,"HARRISON, JAIME",DEM,DEM,party_market_selected_candidate,1,S0SC00289
SD,South Dakota,57670,south-dakota-senate-election-winner,South Dakota Senate Election Winner,https://polymarket.com/event/south-dakota-senate-election-winner,630938,will-the-republicans-win-the-south-dakota-senate-race-in-2026,Will the Republicans win the South Dakota Senate race in 2026?,https://polymarket.com/event/south-dakota-senate-election-winner#630938,https://embed.polymarket.com/market?market=will-the-republicans-win-the-south-dakota-senate-race-in-2026&height=300,Republican,party,REP,0.92,0.08,0.86,0.9,0.94,2778.132376999999,1256.6143,True,False,2026-05-03T12:06:29.294032Z,2026-05-03T12:08:24.899670+00:00,S2SD00068,"THUNE, JOHN R.",REP,REP,party_market_selected_candidate,1,S2SD00068
SD,South Dakota,57670,south-dakota-senate-election-winner,South Dakota Senate Election Winner,https://polymarket.com/event/south-dakota-senate-election-winner,630937,will-the-democrats-win-the-south-dakota-senate-race-in-2026,Will the Democrats win the South Dakota Senate race in 2026?,https://polymarket.com/event/south-dakota-senate-election-winner#630937,https://embed.polymarket.com/market?market=will-the-democrats-win-the-south-dakota-senate-race-in-2026&height=300,Democrat,party,DEM,0.0345,0.9655,0.02,0.011,0.058,1746.3448780000003,708.4593,True,False,2026-05-03T12:06:29.294032Z,2026-05-03T12:08:24.900121+00:00,S6SD01125,"BEAUDION, JULIAN C",DEM,DEM,party_market_selected_candidate,1,S6SD01125
TN,Tennessee,57671,tennessee-senate-election-winner,Tennessee Senate Election Winner,https://polymarket.com/event/tennessee-senate-election-winner,630951,will-the-republicans-win-the-tennessee-senate-race-in-2026,Will the Republicans win the Tennessee Senate race in 2026?,https://polymarket.com/event/tennessee-senate-election-winner#630951,https://embed.polymarket.com/market?market=will-the-republicans-win-the-tennessee-senate-race-in-2026&height=300,Republican,party,REP,0.95,0.05,0.95,0.94,0.96,10376.166439999994,13014.2013,True,False,2026-05-03T12:06:32.726548Z,2026-05-03T12:08:24.901043+00:00,S0TN00169,"HAGERTY, BILL",REP,REP,party_market_selected_candidate,1,S0TN00169
TN,Tennessee,57671,tennessee-senate-election-winner,Tennessee Senate Election Winner,https://polymarket.com/event/tennessee-senate-election-winner,630950,will-the-democrats-win-the-tennessee-senate-race-in-2026,Will the Democrats win the Tennessee Senate race in 2026?,https://polymarket.com/event/tennessee-senate-election-winner#630950,https://embed.polymarket.com/market?market=will-the-democrats-win-the-tennessee-senate-race-in-2026&height=300,Democrat,party,DEM,0.055,0.945,0.05,0.05,0.06,8405.717458000041,14824.5437,True,False,2026-05-03T12:06:32.726548Z,2026-05-03T12:08:24.900589+00:00,S4TN00526,"JOHNSON, GLORIA",DEM,DEM,party_market_selected_candidate,1,S4TN00526
TX,Texas,57672,texas-senate-election-winner,Texas Senate Election Winner,https://polymarket.com/event/texas-senate-election-winner,630964,will-the-republicans-win-the-texas-senate-race-in-2026,Will the Republicans win the Texas Senate race in 2026?,https://polymarket.com/event/texas-senate-election-winner#630964,https://embed.polymarket.com/market?market=will-the-republicans-win-the-texas-senate-race-in-2026&height=300,Republican,party,REP,0.545,0.455,0.54,0.54,0.55,106786.39747700006,31302.2089,True,False,2026-05-03T12:06:28.615009Z,2026-05-03T12:08:24.901962+00:00,S2TX00312,"CRUZ, RAFAEL EDWARD  TED",REP,REP,party_market_selected_candidate,1,S2TX00312
TX,Texas,57672,texas-senate-election-winner,Texas Senate Election Winner,https://polymarket.com/event/texas-senate-election-winner,630963,will-the-democrats-win-the-texas-senate-race-in-2026,Will the Democrats win the Texas Senate race in 2026?,https://polymarket.com/event/texas-senate-election-winner#630963,https://embed.polymarket.com/market?market=will-the-democrats-win-the-texas-senate-race-in-2026&height=300,Democrat,party,DEM,0.46,0.54,0.47,0.45,0.47,87057.52201000006,31924.3832,True,False,2026-05-03T12:06:28.615009Z,2026-05-03T12:08:24.901514+00:00,S6TX00479,"TALARICO, JAMES",DEM,DEM,party_market_selected_candidate,1,S6TX00479
VA,Virginia,57673,virginia-senate-election-winner,Virginia Senate Election Winner,https://polymarket.com/event/virginia-senate-election-winner,630976,will-the-democrats-win-the-virginia-senate-race-in-2026,Will the Democrats win the Virginia Senate race in 2026?,https://polymarket.com/event/virginia-senate-election-winner#630976,https://embed.polymarket.com/market?market=will-the-democrats-win-the-virginia-senate-race-in-2026&height=300,Democrat,party,DEM,0.925,0.075,0.91,0.92,0.93,7894.688954999995,12761.4173,True,False,2026-05-03T12:06:31.536855Z,2026-05-03T12:08:24.902407+00:00,S2VA00142,"KAINE, TIMOTHY MICHAEL",DEM,DEM,party_market_selected_candidate,1,S2VA00142
VA,Virginia,57673,virginia-senate-election-winner,Virginia Senate Election Winner,https://polymarket.com/event/virginia-senate-election-winner,630977,will-the-republicans-win-the-virginia-senate-race-in-2026,Will the Republicans win the Virginia Senate race in 2026?,https://polymarket.com/event/virginia-senate-election-winner#630977,https://embed.polymarket.com/market?market=will-the-republicans-win-the-virginia-senate-race-in-2026&height=300,Republican,party,REP,0.055,0.945,0.08,0.05,0.06,1049.10495,14569.6754,True,False,2026-05-03T12:06:31.536855Z,2026-05-03T12:08:24.902839+00:00,S4VA00353,"CAO, HUNG",REP,REP,party_market_selected_candidate,1,S4VA00353
WV,West Virginia,57674,west-virginia-senate-election-winner,West Virginia Senate Election Winner,https://polymarket.com/event/west-virginia-senate-election-winner,630990,will-the-republicans-win-the-west-virginia-senate-race-in-2026,Will the Republicans win the West Virginia Senate race in 2026?,https://polymarket.com/event/west-virginia-senate-election-winner#630990,https://embed.polymarket.com/market?market=will-the-republicans-win-the-west-virginia-senate-race-in-2026&height=300,Republican,party,REP,0.95,0.05,0.92,0.94,0.96,4608.74725,11863.3778,True,False,2026-05-03T12:06:23.045318Z,2026-05-03T12:08:24.903736+00:00,S4WV00159,"CAPITO, SHELLEY MOORE",REP,REP,party_market_selected_candidate,1,S4WV00159
WV,West Virginia,57674,west-virginia-senate-election-winner,West Virginia Senate Election Winner,https://polymarket.com/event/west-virginia-senate-election-winner,630989,will-the-democrats-win-the-west-virginia-senate-race-in-2026,Will the Democrats win the West Virginia Senate race in 2026?,https://polymarket.com/event/west-virginia-senate-election-winner#630989,https://embed.polymarket.com/market?market=will-the-democrats-win-the-west-virginia-senate-race-in-2026&height=300,Democrat,party,DEM,0.0215,0.9785,0.05,0.014,0.029,3838.202599,1360.6159,True,False,2026-05-03T12:06:23.045318Z,2026-05-03T12:08:24.903282+00:00,S0WV00215,"SWEARENGIN, PAULA JEAN",DEM,DEM,party_market_selected_candidate,1,S0WV00215
WY,Wyoming,57675,wyoming-senate-election-winner,Wyoming Senate Election Winner,https://polymarket.com/event/wyoming-senate-election-winner,631003,will-the-republicans-win-the-wyoming-senate-race-in-2026,Will the Republicans win the Wyoming Senate race in 2026?,https://polymarket.com/event/wyoming-senate-election-winner#631003,https://embed.polymarket.com/market?market=will-the-republicans-win-the-wyoming-senate-race-in-2026&height=300,Republican,party,REP,0.935,0.065,0.94,0.93,0.94,6525.743310000003,12854.2599,True,False,2026-05-03T12:06:31.201446Z,2026-05-03T12:08:24.904194+00:00,S6WY00068,"BARRASSO, JOHN A",REP,REP,party_market_selected_candidate,1,S6WY00068
WY,Wyoming,57675,wyoming-senate-election-winner,Wyoming Senate Election Winner,https://polymarket.com/event/wyoming-senate-election-winner,631002,will-the-democrats-win-the-wyoming-senate-race-in-2026,Will the Democrats win the Wyoming Senate race in 2026?,https://polymarket.com/event/wyoming-senate-election-winner#631002,https://embed.polymarket.com/market?market=will-the-democrats-win-the-wyoming-senate-race-in-2026&height=300,Democrat,party,DEM,0.065,0.935,0.07,0.06,0.07,2437.507722,13703.9164,True,False,2026-05-03T12:06:31.201446Z,2026-05-03T12:08:24.904637+00:00,S4WY00188,"MORROW, SCOTT D MR",DEM,DEM,party_market_selected_candidate,1,S4WY00188
